,0.0,0.3333333333333333,0.0,0.0,0.0,0.0,0.6666666666666666,-0.3333333333333333
a,0.3076923076923077,0.0,0.15384615384615385,0.0,0.0,0.07692307692307693,0.46153846153846156,-0.6923076923076923
about,0.3333333333333333,0.0,0.0,0.0,0.3333333333333333,0.3333333333333333,0.0,0.3333333333333333
about examples,0.0,0.0,0.0,0.0,1.0,0.0,0.0,1.0
about examples of,0.0,0.0,0.0,0.0,1.0,0.0,0.0,1.0
about how,1.0,0.0,0.0,0.0,0.0,0.0,0.0,1.0
about how you,1.0,0.0,0.0,0.0,0.0,0.0,0.0,1.0
about it,0.0,0.0,0.0,0.0,0.0,1.0,0.0,-1.0
ac,1.0,0.0,0.0,0.0,0.0,0.0,0.0,-1.0
across,1.0,0.0,0.0,0.0,0.0,0.0,0.0,1.0
across the,1.0,0.0,0.0,0.0,0.0,0.0,0.0,1.0
across the street,1.0,0.0,0.0,0.0,0.0,0.0,0.0,1.0
ac on,1.0,0.0,0.0,0.0,0.0,0.0,0.0,-1.0
ac on blastback,1.0,0.0,0.0,0.0,0.0,0.0,0.0,-1.0
af,1.0,0.0,0.0,0.0,0.0,0.0,0.0,0.0
after,0.3333333333333333,0.0,0.3333333333333333,0.0,0.0,0.0,0.3333333333333333,-0.3333333333333333
after florid,0.0,0.0,1.0,0.0,0.0,0.0,0.0,-1.0
after florid httpstcotigdow,0.0,0.0,1.0,0.0,0.0,0.0,0.0,-1.0
after hurricane,1.0,0.0,0.0,0.0,0.0,0.0,0.0,1.0
after hurricane httpstcoudvtjgpnl,1.0,0.0,0.0,0.0,0.0,0.0,0.0,1.0
after paying,0.0,0.0,0.0,0.0,0.0,0.0,1.0,-1.0
after paying ,0.0,0.0,0.0,0.0,0.0,0.0,1.0,-1.0
af i,1.0,0.0,0.0,0.0,0.0,0.0,0.0,-1.0
af i wish,1.0,0.0,0.0,0.0,0.0,0.0,0.0,-1.0
again,1.0,0.0,0.0,0.0,0.0,0.0,0.0,-1.0
again thank,1.0,0.0,0.0,0.0,0.0,0.0,0.0,-1.0
again thank you,1.0,0.0,0.0,0.0,0.0,0.0,0.0,-1.0
agree,0.0,0.0,0.0,0.0,0.0,0.0,1.0,-1.0
agree wait,0.0,0.0,0.0,0.0,0.0,0.0,1.0,-1.0
agree wait till,0.0,0.0,0.0,0.0,0.0,0.0,1.0,-1.0
all,0.5,0.0,0.5,0.0,0.0,0.0,0.0,0.0
all my,0.0,0.0,1.0,0.0,0.0,0.0,0.0,-1.0
all my extra,0.0,0.0,1.0,0.0,0.0,0.0,0.0,-1.0
all you,1.0,0.0,0.0,0.0,0.0,0.0,0.0,1.0
all you can,1.0,0.0,0.0,0.0,0.0,0.0,0.0,1.0
already,1.0,0.0,0.0,0.0,0.0,0.0,0.0,1.0
already lost,1.0,0.0,0.0,0.0,0.0,0.0,0.0,1.0
already lost power,1.0,0.0,0.0,0.0,0.0,0.0,0.0,1.0
also,0.0,0.0,0.0,0.0,1.0,0.0,0.0,1.0
also causing,0.0,0.0,0.0,0.0,1.0,0.0,0.0,1.0
also causing unnecessary,0.0,0.0,0.0,0.0,1.0,0.0,0.0,1.0
am,0.75,0.0,0.0,0.0,0.0,0.25,0.0,0.5
amp,0.0,0.0,0.0,0.0,0.0,0.0,1.0,-1.0
amp u,0.0,0.0,0.0,0.0,0.0,0.0,1.0,-1.0
amp u know,0.0,0.0,0.0,0.0,0.0,0.0,1.0,-1.0
am evacuating,1.0,0.0,0.0,0.0,0.0,0.0,0.0,1.0
am evacuating next,1.0,0.0,0.0,0.0,0.0,0.0,0.0,1.0
am just,1.0,0.0,0.0,0.0,0.0,0.0,0.0,1.0
am just now,1.0,0.0,0.0,0.0,0.0,0.0,0.0,1.0
am kinda,0.0,0.0,0.0,0.0,0.0,1.0,0.0,-1.0
am kinda not,0.0,0.0,0.0,0.0,0.0,1.0,0.0,-1.0
am yesterday,1.0,0.0,0.0,0.0,0.0,0.0,0.0,1.0
an,0.0,0.0,0.0,0.5,0.0,0.0,0.5,0.0
and,0.6666666666666666,0.0,0.0,0.0,0.16666666666666666,0.0,0.16666666666666666,0.3333333333333333
and a,0.0,0.0,0.0,0.0,0.0,0.0,1.0,-1.0
and a volt,0.0,0.0,0.0,0.0,0.0,0.0,1.0,-1.0
and home,1.0,0.0,0.0,0.0,0.0,0.0,0.0,1.0
and home cooked,1.0,0.0,0.0,0.0,0.0,0.0,0.0,1.0
and miramar,1.0,0.0,0.0,0.0,0.0,0.0,0.0,1.0
and miramar already,1.0,0.0,0.0,0.0,0.0,0.0,0.0,1.0
and staying,1.0,0.0,0.0,0.0,0.0,0.0,0.0,-1.0
and staying indoors,1.0,0.0,0.0,0.0,0.0,0.0,0.0,-1.0
and toll,0.0,0.0,0.0,0.0,1.0,0.0,0.0,1.0
and toll plz,0.0,0.0,0.0,0.0,1.0,0.0,0.0,1.0
and water,1.0,0.0,0.0,0.0,0.0,0.0,0.0,1.0
and water supply,1.0,0.0,0.0,0.0,0.0,0.0,0.0,1.0
another,0.5,0.0,0.0,0.0,0.0,0.0,0.5,0.0
another awesome,0.0,0.0,0.0,0.0,0.0,0.0,1.0,-1.0
another awesome flight,0.0,0.0,0.0,0.0,0.0,0.0,1.0,-1.0
another cloudy,1.0,0.0,0.0,0.0,0.0,0.0,0.0,1.0
another cloudy day,1.0,0.0,0.0,0.0,0.0,0.0,0.0,1.0
an evac,0.0,0.0,0.0,1.0,0.0,0.0,0.0,1.0
an evac zone,0.0,0.0,0.0,1.0,0.0,0.0,0.0,1.0
an object,0.0,0.0,0.0,0.0,0.0,0.0,1.0,-1.0
an object has,0.0,0.0,0.0,0.0,0.0,0.0,1.0,-1.0
apparently,0.0,0.0,1.0,0.0,0.0,0.0,0.0,1.0
apparently pinellas,0.0,0.0,1.0,0.0,0.0,0.0,0.0,1.0
apparently pinellas county,0.0,0.0,1.0,0.0,0.0,0.0,0.0,1.0
are,0.3333333333333333,0.0,0.16666666666666666,0.0,0.0,0.3333333333333333,0.16666666666666666,-0.3333333333333333
are closed,0.0,0.0,0.0,0.0,0.0,1.0,0.0,-1.0
are closed for,0.0,0.0,0.0,0.0,0.0,1.0,0.0,-1.0
are cover,0.0,0.0,1.0,0.0,0.0,0.0,0.0,-1.0
are cover after,0.0,0.0,1.0,0.0,0.0,0.0,0.0,-1.0
are my,1.0,0.0,0.0,0.0,0.0,0.0,0.0,1.0
are my power,1.0,0.0,0.0,0.0,0.0,0.0,0.0,1.0
are not,0.0,0.0,0.0,0.0,0.0,0.0,1.0,-1.0
are not interested,0.0,0.0,0.0,0.0,0.0,0.0,1.0,-1.0
are outside,0.0,0.0,0.0,0.0,0.0,1.0,0.0,-1.0
are the,1.0,0.0,0.0,0.0,0.0,0.0,0.0,1.0
are the only,1.0,0.0,0.0,0.0,0.0,0.0,0.0,1.0
around,0.5,0.0,0.5,0.0,0.0,0.0,0.0,-1.0
around so,1.0,0.0,0.0,0.0,0.0,0.0,0.0,-1.0
around so i,1.0,0.0,0.0,0.0,0.0,0.0,0.0,-1.0
around the,0.0,0.0,1.0,0.0,0.0,0.0,0.0,-1.0
around the store,0.0,0.0,1.0,0.0,0.0,0.0,0.0,-1.0
artifacts,0.0,0.0,0.0,0.0,0.0,0.0,1.0,-1.0
artifacts on,0.0,0.0,0.0,0.0,0.0,0.0,1.0,-1.0
artifacts on my,0.0,0.0,0.0,0.0,0.0,0.0,1.0,-1.0
ask,1.0,0.0,0.0,0.0,0.0,0.0,0.0,1.0
ask me,1.0,0.0,0.0,0.0,0.0,0.0,0.0,1.0
ask me to,1.0,0.0,0.0,0.0,0.0,0.0,0.0,1.0
at,0.6,0.0,0.0,0.0,0.2,0.0,0.2,0.2
ate,0.0,0.0,0.0,0.0,0.0,0.0,1.0,-1.0
ate httpstcobdvtezmp,0.0,0.0,0.0,0.0,0.0,0.0,1.0,-1.0
ate httpstcobdvtezmp httpstcocbcuzqwqsx,0.0,0.0,0.0,0.0,0.0,0.0,1.0,-1.0
at daytonahilton,0.0,0.0,0.0,0.0,0.0,0.0,1.0,-1.0
at daytonahilton httpstcosittrewh,0.0,0.0,0.0,0.0,0.0,0.0,1.0,-1.0
at my,1.0,0.0,0.0,0.0,0.0,0.0,0.0,-1.0
at my job,1.0,0.0,0.0,0.0,0.0,0.0,0.0,-1.0
at raff,1.0,0.0,0.0,0.0,0.0,0.0,0.0,1.0
at raff httpstcobabeltevus,1.0,0.0,0.0,0.0,0.0,0.0,0.0,1.0
at toll,0.0,0.0,0.0,0.0,1.0,0.0,0.0,1.0
at toll plz,0.0,0.0,0.0,0.0,1.0,0.0,0.0,1.0
at woodville,1.0,0.0,0.0,0.0,0.0,0.0,0.0,1.0
at woodville hwy,1.0,0.0,0.0,0.0,0.0,0.0,0.0,1.0
awesome,0.0,0.0,0.0,0.0,0.0,0.0,1.0,-1.0
awesome flight,0.0,0.0,0.0,0.0,0.0,0.0,1.0,-1.0
awesome flight united,0.0,0.0,0.0,0.0,0.0,0.0,1.0,-1.0
ay,0.0,0.0,0.0,0.0,1.0,0.0,0.0,1.0
ay bridge,0.0,0.0,0.0,0.0,1.0,0.0,0.0,1.0
ay bridge on,0.0,0.0,0.0,0.0,1.0,0.0,0.0,1.0
a car,0.0,0.0,0.0,0.0,0.0,0.0,1.0,-1.0
a car charger,0.0,0.0,0.0,0.0,0.0,0.0,1.0,-1.0
a drink,0.0,0.0,0.0,0.0,0.0,1.0,0.0,-1.0
a drink every,0.0,0.0,0.0,0.0,0.0,1.0,0.0,-1.0
a few,1.0,0.0,0.0,0.0,0.0,0.0,0.0,-1.0
a few days,1.0,0.0,0.0,0.0,0.0,0.0,0.0,-1.0
a generator,1.0,0.0,0.0,0.0,0.0,0.0,0.0,-1.0
a generator at,1.0,0.0,0.0,0.0,0.0,0.0,0.0,-1.0
a good,0.0,0.0,1.0,0.0,0.0,0.0,0.0,-1.0
a good supply,0.0,0.0,1.0,0.0,0.0,0.0,0.0,-1.0
a good tip,0.0,0.0,1.0,0.0,0.0,0.0,0.0,-1.0
a regular,1.0,0.0,0.0,0.0,0.0,0.0,0.0,1.0
a regular basis,1.0,0.0,0.0,0.0,0.0,0.0,0.0,1.0
a shower,1.0,0.0,0.0,0.0,0.0,0.0,0.0,1.0
a shower and,1.0,0.0,0.0,0.0,0.0,0.0,0.0,1.0
a super,0.0,0.0,0.0,0.0,0.0,0.0,1.0,-1.0
a super bad,0.0,0.0,0.0,0.0,0.0,0.0,1.0,-1.0
a virtual,0.0,0.0,0.0,0.0,0.0,0.0,1.0,-1.0
a virtual tour,0.0,0.0,0.0,0.0,0.0,0.0,1.0,-1.0
a volt,0.0,0.0,0.0,0.0,0.0,0.0,1.0,-1.0
a volt battery,0.0,0.0,0.0,0.0,0.0,0.0,1.0,-1.0
a waste,0.0,0.0,0.0,0.0,0.0,0.0,1.0,-1.0
a waste of,0.0,0.0,0.0,0.0,0.0,0.0,1.0,-1.0
back,1.0,0.0,0.0,0.0,0.0,0.0,0.0,-0.5
back last,1.0,0.0,0.0,0.0,0.0,0.0,0.0,1.0
back last night,1.0,0.0,0.0,0.0,0.0,0.0,0.0,1.0
back on,1.0,0.0,0.0,0.0,0.0,0.0,0.0,-1.0
back on by,1.0,0.0,0.0,0.0,0.0,0.0,0.0,-1.0
back on since,1.0,0.0,0.0,0.0,0.0,0.0,0.0,-1.0
back wifi,1.0,0.0,0.0,0.0,0.0,0.0,0.0,-1.0
back wifi is,1.0,0.0,0.0,0.0,0.0,0.0,0.0,-1.0
bad,0.0,0.0,0.0,0.0,0.0,0.0,1.0,-1.0
bad boy,0.0,0.0,0.0,0.0,0.0,0.0,1.0,-1.0
bad boy over,0.0,0.0,0.0,0.0,0.0,0.0,1.0,-1.0
bad by,0.0,0.0,0.0,0.0,0.0,0.0,1.0,-1.0
bad by interboronyc,0.0,0.0,0.0,0.0,0.0,0.0,1.0,-1.0
bar,0.0,0.0,0.0,0.0,0.0,0.0,1.0,-1.0
basis,1.0,0.0,0.0,0.0,0.0,0.0,0.0,1.0
basis it,1.0,0.0,0.0,0.0,0.0,0.0,0.0,1.0
basis it is,1.0,0.0,0.0,0.0,0.0,0.0,0.0,1.0
battery,0.0,0.0,0.0,0.0,0.0,0.0,1.0,-1.0
battery it,0.0,0.0,0.0,0.0,0.0,0.0,1.0,-1.0
battery it will,0.0,0.0,0.0,0.0,0.0,0.0,1.0,-1.0
battery mode,0.0,0.0,0.0,0.0,0.0,0.0,1.0,-1.0
battery mode on,0.0,0.0,0.0,0.0,0.0,0.0,1.0,-1.0
be,1.0,0.0,0.0,0.0,0.0,0.0,0.0,1.0
beach,0.0,0.0,0.0,0.0,0.0,0.0,1.0,-1.0
beach drinking,0.0,0.0,0.0,0.0,0.0,0.0,1.0,-1.0
beach drinking a,0.0,0.0,0.0,0.0,0.0,0.0,1.0,-1.0
been,1.0,0.0,0.0,0.0,0.0,0.0,0.0,0.0
been back,1.0,0.0,0.0,0.0,0.0,0.0,0.0,-1.0
been back on,1.0,0.0,0.0,0.0,0.0,0.0,0.0,-1.0
been off,1.0,0.0,0.0,0.0,0.0,0.0,0.0,1.0
been off since,1.0,0.0,0.0,0.0,0.0,0.0,0.0,1.0
before,0.0,0.0,0.0,0.0,0.0,0.0,1.0,-1.0
before driving,0.0,0.0,0.0,0.0,0.0,0.0,1.0,-1.0
before driving that,0.0,0.0,0.0,0.0,0.0,0.0,1.0,-1.0
before the,0.0,0.0,0.0,0.0,0.0,0.0,1.0,-1.0
before the game,0.0,0.0,0.0,0.0,0.0,0.0,1.0,-1.0
being,0.5,0.0,0.0,0.0,0.0,0.0,0.5,-1.0
being lazy,1.0,0.0,0.0,0.0,0.0,0.0,0.0,-1.0
being lazy and,1.0,0.0,0.0,0.0,0.0,0.0,0.0,-1.0
being led,0.0,0.0,0.0,0.0,0.0,0.0,1.0,-1.0
being led on,0.0,0.0,0.0,0.0,0.0,0.0,1.0,-1.0
be fully,1.0,0.0,0.0,0.0,0.0,0.0,0.0,1.0
be fully restored,1.0,0.0,0.0,0.0,0.0,0.0,0.0,1.0
bitch,0.0,0.0,0.0,0.0,0.0,0.0,1.0,-1.0
bitch i,0.0,0.0,0.0,0.0,0.0,0.0,1.0,-1.0
bitch i tried,0.0,0.0,0.0,0.0,0.0,0.0,1.0,-1.0
bjswholesale,0.0,0.0,1.0,0.0,0.0,0.0,0.0,-1.0
bjswholesale has,0.0,0.0,1.0,0.0,0.0,0.0,0.0,-1.0
bjswholesale has a,0.0,0.0,1.0,0.0,0.0,0.0,0.0,-1.0
blastback,1.0,0.0,0.0,0.0,0.0,0.0,0.0,-1.0
blastback to,1.0,0.0,0.0,0.0,0.0,0.0,0.0,-1.0
blastback to being,1.0,0.0,0.0,0.0,0.0,0.0,0.0,-1.0
block,1.0,0.0,0.0,0.0,0.0,0.0,0.0,1.0
block but,1.0,0.0,0.0,0.0,0.0,0.0,0.0,1.0
block but the,1.0,0.0,0.0,0.0,0.0,0.0,0.0,1.0
block next,1.0,0.0,0.0,0.0,0.0,0.0,0.0,1.0
block next to,1.0,0.0,0.0,0.0,0.0,0.0,0.0,1.0
blutobird,0.0,0.0,0.0,1.0,0.0,0.0,0.0,1.0
blutobird no,0.0,0.0,0.0,1.0,0.0,0.0,0.0,1.0
blutobird no tampa,0.0,0.0,0.0,1.0,0.0,0.0,0.0,1.0
body,0.0,0.0,0.0,0.0,0.0,0.0,1.0,-1.0
body shutting,0.0,0.0,0.0,0.0,0.0,0.0,1.0,-1.0
body shutting down,0.0,0.0,0.0,0.0,0.0,0.0,1.0,-1.0
both,0.0,0.0,0.0,0.0,1.0,0.0,0.0,1.0
both nbsb,0.0,0.0,0.0,0.0,1.0,0.0,0.0,1.0
both nbsb at,0.0,0.0,0.0,0.0,1.0,0.0,0.0,1.0
bottle,0.0,0.0,1.0,0.0,0.0,0.0,0.0,1.0
bottled,0.0,0.0,1.0,0.0,0.0,0.0,0.0,-0.5
bottled drinking,0.0,0.0,1.0,0.0,0.0,0.0,0.0,-1.0
bottled drinking water,0.0,0.0,1.0,0.0,0.0,0.0,0.0,-1.0
bottled water,0.0,0.0,1.0,0.0,0.0,0.0,0.0,-0.3333333333333333
bottled water around,0.0,0.0,1.0,0.0,0.0,0.0,0.0,-1.0
bottled water in,0.0,0.0,1.0,0.0,0.0,0.0,0.0,1.0
bottled water is,0.0,0.0,1.0,0.0,0.0,0.0,0.0,-1.0
bottle of,0.0,0.0,1.0,0.0,0.0,0.0,0.0,1.0
bottle of bottled,0.0,0.0,1.0,0.0,0.0,0.0,0.0,1.0
boy,0.0,0.0,0.0,0.0,0.0,0.0,1.0,-1.0
boy over,0.0,0.0,0.0,0.0,0.0,0.0,1.0,-1.0
boy over to,0.0,0.0,0.0,0.0,0.0,0.0,1.0,-1.0
boy zakbagans,0.0,0.0,0.0,0.0,0.0,0.0,1.0,-1.0
bridge,0.0,0.0,0.0,0.0,1.0,0.0,0.0,1.0
bridge closed,0.0,0.0,0.0,0.0,1.0,0.0,0.0,1.0
bridge closed in,0.0,0.0,0.0,0.0,1.0,0.0,0.0,1.0
bridge on,0.0,0.0,0.0,0.0,1.0,0.0,0.0,1.0
bridge on i,0.0,0.0,0.0,0.0,1.0,0.0,0.0,1.0
bro,1.0,0.0,0.0,0.0,0.0,0.0,0.0,1.0
bro we,1.0,0.0,0.0,0.0,0.0,0.0,0.0,1.0
bro we are,1.0,0.0,0.0,0.0,0.0,0.0,0.0,1.0
built,0.0,0.0,0.0,1.0,0.0,0.0,0.0,1.0
built on,0.0,0.0,0.0,1.0,0.0,0.0,0.0,1.0
built on orange,0.0,0.0,0.0,1.0,0.0,0.0,0.0,1.0
but,0.5,0.0,0.16666666666666666,0.16666666666666666,0.0,0.0,0.16666666666666666,0.0
but can,0.0,0.0,0.0,0.0,0.0,0.0,1.0,-1.0
but can we,0.0,0.0,0.0,0.0,0.0,0.0,1.0,-1.0
but i,1.0,0.0,0.0,0.0,0.0,0.0,0.0,-1.0
but i will,1.0,0.0,0.0,0.0,0.0,0.0,0.0,-1.0
but the,0.5,0.0,0.5,0.0,0.0,0.0,0.0,0.0
but they,0.0,0.0,0.0,1.0,0.0,0.0,0.0,1.0
but they come,0.0,0.0,0.0,1.0,0.0,0.0,0.0,1.0
but the block,1.0,0.0,0.0,0.0,0.0,0.0,0.0,1.0
but the millenia,0.0,0.0,1.0,0.0,0.0,0.0,0.0,-1.0
but units,1.0,0.0,0.0,0.0,0.0,0.0,0.0,1.0
but units across,1.0,0.0,0.0,0.0,0.0,0.0,0.0,1.0
by,0.5,0.0,0.0,0.0,0.0,0.0,0.5,-1.0
by interboronyc,0.0,0.0,0.0,0.0,0.0,0.0,1.0,-1.0
by interboronyc at,0.0,0.0,0.0,0.0,0.0,0.0,1.0,-1.0
by now,1.0,0.0,0.0,0.0,0.0,0.0,0.0,-1.0
by now hell,1.0,0.0,0.0,0.0,0.0,0.0,0.0,-1.0
cables,1.0,0.0,0.0,0.0,0.0,0.0,0.0,1.0
cables caution,1.0,0.0,0.0,0.0,0.0,0.0,0.0,1.0
cables caution in,1.0,0.0,0.0,0.0,0.0,0.0,0.0,1.0
came,1.0,0.0,0.0,0.0,0.0,0.0,0.0,1.0
came back,1.0,0.0,0.0,0.0,0.0,0.0,0.0,1.0
came back last,1.0,0.0,0.0,0.0,0.0,0.0,0.0,1.0
can,0.3333333333333333,0.0,0.3333333333333333,0.0,0.0,0.0,0.3333333333333333,-0.3333333333333333
cannot,1.0,0.0,0.0,0.0,0.0,0.0,0.0,1.0
cannot ask,1.0,0.0,0.0,0.0,0.0,0.0,0.0,1.0
cannot ask me,1.0,0.0,0.0,0.0,0.0,0.0,0.0,1.0
can do,1.0,0.0,0.0,0.0,0.0,0.0,0.0,1.0
can do is,1.0,0.0,0.0,0.0,0.0,0.0,0.0,1.0
can i,0.0,0.0,1.0,0.0,0.0,0.0,0.0,-1.0
can i donate,0.0,0.0,1.0,0.0,0.0,0.0,0.0,-1.0
can we,0.0,0.0,0.0,0.0,0.0,0.0,1.0,-1.0
can we get,0.0,0.0,0.0,0.0,0.0,0.0,1.0,-1.0
capthlr,0.0,0.0,1.0,0.0,0.0,0.0,0.0,-1.0
capthlr filling,0.0,0.0,1.0,0.0,0.0,0.0,0.0,-1.0
capthlr filling your,0.0,0.0,1.0,0.0,0.0,0.0,0.0,-1.0
car,0.0,0.0,0.0,0.0,0.0,0.0,1.0,-1.0
car charger,0.0,0.0,0.0,0.0,0.0,0.0,1.0,-1.0
car charger and,0.0,0.0,0.0,0.0,0.0,0.0,1.0,-1.0
car is,0.0,0.0,0.0,0.0,0.0,0.0,1.0,-1.0
car is like,0.0,0.0,0.0,0.0,0.0,0.0,1.0,-1.0
case,0.0,0.0,1.0,0.0,0.0,0.0,0.0,-1.0
case limit,0.0,0.0,1.0,0.0,0.0,0.0,0.0,-1.0
case limit but,0.0,0.0,1.0,0.0,0.0,0.0,0.0,-1.0
cat,1.0,0.0,0.0,0.0,0.0,0.0,0.0,1.0
cat storms,1.0,0.0,0.0,0.0,0.0,0.0,0.0,1.0
cat storms mess,1.0,0.0,0.0,0.0,0.0,0.0,0.0,1.0
causing,0.0,0.0,0.0,0.0,1.0,0.0,0.0,1.0
causing unnecessary,0.0,0.0,0.0,0.0,1.0,0.0,0.0,1.0
causing unnecessary traffic,0.0,0.0,0.0,0.0,1.0,0.0,0.0,1.0
caution,1.0,0.0,0.0,0.0,0.0,0.0,0.0,1.0
caution in,1.0,0.0,0.0,0.0,0.0,0.0,0.0,1.0
caution in on,1.0,0.0,0.0,0.0,0.0,0.0,0.0,1.0
charge,0.0,0.0,0.0,0.0,0.0,0.0,1.0,-1.0
charger,0.0,0.0,0.0,0.0,0.0,0.0,1.0,-1.0
charger and,0.0,0.0,0.0,0.0,0.0,0.0,1.0,-1.0
charger and a,0.0,0.0,0.0,0.0,0.0,0.0,1.0,-1.0
charge your,0.0,0.0,0.0,0.0,0.0,0.0,1.0,-1.0
charge your phone,0.0,0.0,0.0,0.0,0.0,0.0,1.0,-1.0
chills,0.0,0.0,0.0,0.0,0.0,0.0,1.0,-1.0
chills through,0.0,0.0,0.0,0.0,0.0,0.0,1.0,-1.0
chills through the,0.0,0.0,0.0,0.0,0.0,0.0,1.0,-1.0
city,1.0,0.0,0.0,0.0,0.0,0.0,0.0,-1.0
city around,1.0,0.0,0.0,0.0,0.0,0.0,0.0,-1.0
city around so,1.0,0.0,0.0,0.0,0.0,0.0,0.0,-1.0
clear,0.0,0.0,0.0,0.0,0.0,0.0,1.0,-1.0
clear weather,0.0,0.0,0.0,0.0,0.0,0.0,1.0,-1.0
clear weather failed,0.0,0.0,0.0,0.0,0.0,0.0,1.0,-1.0
closed,0.0,0.0,0.0,0.0,0.2,0.4,0.4,-0.6
closed for,0.0,0.0,0.0,0.0,0.0,1.0,0.0,-1.0
closed for this,0.0,0.0,0.0,0.0,0.0,1.0,0.0,-1.0
closed in,0.0,0.0,0.0,0.0,1.0,0.0,0.0,1.0
closed in sunshines,0.0,0.0,0.0,0.0,1.0,0.0,0.0,1.0
closed on,0.0,0.0,0.0,0.0,0.0,1.0,0.0,-1.0
closed on tuesday,0.0,0.0,0.0,0.0,0.0,1.0,0.0,-1.0
closed until,0.0,0.0,0.0,0.0,0.0,0.0,1.0,-1.0
closed until wednesday,0.0,0.0,0.0,0.0,0.0,0.0,1.0,-1.0
closed yesterday,0.0,0.0,0.0,0.0,0.0,0.0,1.0,-1.0
closed yesterday bitch,0.0,0.0,0.0,0.0,0.0,0.0,1.0,-1.0
cloudy,1.0,0.0,0.0,0.0,0.0,0.0,0.0,1.0
cloudy day,1.0,0.0,0.0,0.0,0.0,0.0,0.0,1.0
cloudy day over,1.0,0.0,0.0,0.0,0.0,0.0,0.0,1.0
come,0.0,0.0,0.0,1.0,0.0,0.0,0.0,1.0
come here,0.0,0.0,0.0,1.0,0.0,0.0,0.0,1.0
come here we,0.0,0.0,0.0,1.0,0.0,0.0,0.0,1.0
cooked,1.0,0.0,0.0,0.0,0.0,0.0,0.0,1.0
cooked meal,1.0,0.0,0.0,0.0,0.0,0.0,0.0,1.0
cotnews,1.0,0.0,0.0,0.0,0.0,0.0,0.0,1.0
cotnews will,1.0,0.0,0.0,0.0,0.0,0.0,0.0,1.0
cotnews will we,1.0,0.0,0.0,0.0,0.0,0.0,0.0,1.0
could,1.0,0.0,0.0,0.0,0.0,0.0,0.0,-1.0
could a,1.0,0.0,0.0,0.0,0.0,0.0,0.0,-1.0
could a generator,1.0,0.0,0.0,0.0,0.0,0.0,0.0,-1.0
county,0.0,0.0,1.0,0.0,0.0,0.0,0.0,1.0
county florida,0.0,0.0,1.0,0.0,0.0,0.0,0.0,1.0
county florida httpstcopsqyq,0.0,0.0,1.0,0.0,0.0,0.0,0.0,1.0
cover,0.0,0.0,1.0,0.0,0.0,0.0,0.0,-1.0
cover after,0.0,0.0,1.0,0.0,0.0,0.0,0.0,-1.0
cover after florid,0.0,0.0,1.0,0.0,0.0,0.0,0.0,-1.0
crazy,1.0,0.0,0.0,0.0,0.0,0.0,0.0,-1.0
crying,0.0,0.0,0.0,0.0,0.0,0.0,1.0,-1.0
crying boy,0.0,0.0,0.0,0.0,0.0,0.0,1.0,-1.0
crying boy zakbagans,0.0,0.0,0.0,0.0,0.0,0.0,1.0,-1.0
damn,0.0,0.0,0.0,0.0,0.0,1.0,0.0,-1.0
damn lol,0.0,0.0,0.0,0.0,0.0,1.0,0.0,-1.0
dats,1.0,0.0,0.0,0.0,0.0,0.0,0.0,-1.0
dats crazy,1.0,0.0,0.0,0.0,0.0,0.0,0.0,-1.0
day,0.5,0.0,0.0,0.0,0.0,0.0,0.5,0.0
days,1.0,0.0,0.0,0.0,0.0,0.0,0.0,-1.0
days but,1.0,0.0,0.0,0.0,0.0,0.0,0.0,-1.0
days but i,1.0,0.0,0.0,0.0,0.0,0.0,0.0,-1.0
daytona,0.0,0.0,0.0,0.0,0.0,0.0,1.0,-1.0
daytonahilton,0.0,0.0,0.0,0.0,0.0,0.0,1.0,-1.0
daytonahilton httpstcosittrewh,0.0,0.0,0.0,0.0,0.0,0.0,1.0,-1.0
daytonahilton httpstcosittrewh photo,0.0,0.0,0.0,0.0,0.0,0.0,1.0,-1.0
daytona beach,0.0,0.0,0.0,0.0,0.0,0.0,1.0,-1.0
daytona beach drinking,0.0,0.0,0.0,0.0,0.0,0.0,1.0,-1.0
day daytona,0.0,0.0,0.0,0.0,0.0,0.0,1.0,-1.0
day daytona beach,0.0,0.0,0.0,0.0,0.0,0.0,1.0,-1.0
day over,1.0,0.0,0.0,0.0,0.0,0.0,0.0,1.0
day over here,1.0,0.0,0.0,0.0,0.0,0.0,0.0,1.0
definitely,1.0,0.0,0.0,0.0,0.0,0.0,0.0,-1.0
definitely praying,1.0,0.0,0.0,0.0,0.0,0.0,0.0,-1.0
definitely praying i,1.0,0.0,0.0,0.0,0.0,0.0,0.0,-1.0
delay,0.0,0.0,0.0,0.0,0.0,0.0,1.0,-1.0
delay in,0.0,0.0,0.0,0.0,0.0,0.0,1.0,-1.0
delay in clear,0.0,0.0,0.0,0.0,0.0,0.0,1.0,-1.0
depends,1.0,0.0,0.0,0.0,0.0,0.0,0.0,1.0
depends on,1.0,0.0,0.0,0.0,0.0,0.0,0.0,1.0
depends on where,1.0,0.0,0.0,0.0,0.0,0.0,0.0,1.0
deserves,1.0,0.0,0.0,0.0,0.0,0.0,0.0,1.0
deserves a,1.0,0.0,0.0,0.0,0.0,0.0,0.0,1.0
deserves a shower,1.0,0.0,0.0,0.0,0.0,0.0,0.0,1.0
do,0.8333333333333334,0.0,0.0,0.0,0.0,0.0,0.16666666666666666,0.0
docnealis,1.0,0.0,0.0,0.0,0.0,0.0,0.0,1.0
docnealis depends,1.0,0.0,0.0,0.0,0.0,0.0,0.0,1.0
docnealis depends on,1.0,0.0,0.0,0.0,0.0,0.0,0.0,1.0
does,0.0,0.0,0.0,0.0,0.0,0.0,1.0,-1.0
does nothing,0.0,0.0,0.0,0.0,0.0,0.0,1.0,-1.0
donate,0.0,0.0,1.0,0.0,0.0,0.0,0.0,-1.0
donate all,0.0,0.0,1.0,0.0,0.0,0.0,0.0,-1.0
donate all my,0.0,0.0,1.0,0.0,0.0,0.0,0.0,-1.0
dont,0.0,0.0,0.0,0.0,0.0,0.0,1.0,-1.0
dont charge,0.0,0.0,0.0,0.0,0.0,0.0,1.0,-1.0
dont charge your,0.0,0.0,0.0,0.0,0.0,0.0,1.0,-1.0
doran,0.0,0.0,0.0,0.0,0.0,0.0,1.0,-1.0
doran road,0.0,0.0,0.0,0.0,0.0,0.0,1.0,-1.0
doran road murra,0.0,0.0,0.0,0.0,0.0,0.0,1.0,-1.0
down,0.0,0.0,0.0,0.0,0.0,0.0,1.0,-1.0
do is,1.0,0.0,0.0,0.0,0.0,0.0,0.0,1.0
do is laugh,1.0,0.0,0.0,0.0,0.0,0.0,0.0,1.0
do my,1.0,0.0,0.0,0.0,0.0,0.0,0.0,-1.0
do my homework,1.0,0.0,0.0,0.0,0.0,0.0,0.0,-1.0
do not,0.6666666666666666,0.0,0.0,0.0,0.0,0.0,0.3333333333333333,-0.3333333333333333
do not drink,1.0,0.0,0.0,0.0,0.0,0.0,0.0,1.0
do not go,1.0,0.0,0.0,0.0,0.0,0.0,0.0,-1.0
do not waste,0.0,0.0,0.0,0.0,0.0,0.0,1.0,-1.0
do say,1.0,0.0,0.0,0.0,0.0,0.0,0.0,1.0
do say so,1.0,0.0,0.0,0.0,0.0,0.0,0.0,1.0
drainage,0.0,0.0,0.0,1.0,0.0,0.0,0.0,1.0
drainage is,0.0,0.0,0.0,1.0,0.0,0.0,0.0,1.0
drainage is real,0.0,0.0,0.0,1.0,0.0,0.0,0.0,1.0
drink,0.5,0.0,0.0,0.0,0.0,0.5,0.0,0.0
drinking,0.0,0.0,0.25,0.0,0.0,0.25,0.5,-1.0
drinking a,0.0,0.0,0.0,0.0,0.0,0.5,0.5,-1.0
drinking a drink,0.0,0.0,0.0,0.0,0.0,1.0,0.0,-1.0
drinking a super,0.0,0.0,0.0,0.0,0.0,0.0,1.0,-1.0
drinking before,0.0,0.0,0.0,0.0,0.0,0.0,1.0,-1.0
drinking before the,0.0,0.0,0.0,0.0,0.0,0.0,1.0,-1.0
drinking water,0.0,0.0,1.0,0.0,0.0,0.0,0.0,-1.0
drinking water for,0.0,0.0,1.0,0.0,0.0,0.0,0.0,-1.0
drink every,0.0,0.0,0.0,0.0,0.0,1.0,0.0,-1.0
drink every time,0.0,0.0,0.0,0.0,0.0,1.0,0.0,-1.0
drink water,1.0,0.0,0.0,0.0,0.0,0.0,0.0,1.0
drink water on,1.0,0.0,0.0,0.0,0.0,0.0,0.0,1.0
driving,0.0,0.0,0.0,0.0,0.0,0.0,1.0,-1.0
driving that,0.0,0.0,0.0,0.0,0.0,0.0,1.0,-1.0
driving that bad,0.0,0.0,0.0,0.0,0.0,0.0,1.0,-1.0
dud,0.0,1.0,0.0,0.0,0.0,0.0,0.0,1.0
dud to,0.0,1.0,0.0,0.0,0.0,0.0,0.0,1.0
dud to storm,0.0,1.0,0.0,0.0,0.0,0.0,0.0,1.0
dvr,0.0,0.0,0.0,0.0,0.0,0.0,1.0,-1.0
dvr amp,0.0,0.0,0.0,0.0,0.0,0.0,1.0,-1.0
dvr amp u,0.0,0.0,0.0,0.0,0.0,0.0,1.0,-1.0
east,1.0,0.0,0.0,0.0,0.0,0.0,0.0,1.0
east of,1.0,0.0,0.0,0.0,0.0,0.0,0.0,1.0
east of i,1.0,0.0,0.0,0.0,0.0,0.0,0.0,1.0
evac,0.0,0.0,0.0,1.0,0.0,0.0,0.0,1.0
evacuating,1.0,0.0,0.0,0.0,0.0,0.0,0.0,1.0
evacuating next,1.0,0.0,0.0,0.0,0.0,0.0,0.0,1.0
evacuating next hurricane,1.0,0.0,0.0,0.0,0.0,0.0,0.0,1.0
evac zone,0.0,0.0,0.0,1.0,0.0,0.0,0.0,1.0
evac zone but,0.0,0.0,0.0,1.0,0.0,0.0,0.0,1.0
every,0.0,0.0,0.0,0.0,0.0,0.5,0.5,-1.0
everybody,1.0,0.0,0.0,0.0,0.0,0.0,0.0,-1.0
everybody power,1.0,0.0,0.0,0.0,0.0,0.0,0.0,-1.0
everybody power was,1.0,0.0,0.0,0.0,0.0,0.0,0.0,-1.0
everyone,0.5,0.5,0.0,0.0,0.0,0.0,0.0,1.0
everyone deserves,1.0,0.0,0.0,0.0,0.0,0.0,0.0,1.0
everyone deserves a,1.0,0.0,0.0,0.0,0.0,0.0,0.0,1.0
everyone still,0.0,1.0,0.0,0.0,0.0,0.0,0.0,1.0
everyone still having,0.0,1.0,0.0,0.0,0.0,0.0,0.0,1.0
everything,1.0,0.0,0.0,0.0,0.0,0.0,0.0,0.0
everything including,1.0,0.0,0.0,0.0,0.0,0.0,0.0,1.0
everything including power,1.0,0.0,0.0,0.0,0.0,0.0,0.0,1.0
everything prepared,1.0,0.0,0.0,0.0,0.0,0.0,0.0,-1.0
everything prepared yeah,1.0,0.0,0.0,0.0,0.0,0.0,0.0,-1.0
every game,0.0,0.0,0.0,0.0,0.0,0.0,1.0,-1.0
every game they,0.0,0.0,0.0,0.0,0.0,0.0,1.0,-1.0
every time,0.0,0.0,0.0,0.0,0.0,1.0,0.0,-1.0
every time they,0.0,0.0,0.0,0.0,0.0,1.0,0.0,-1.0
examples,0.0,0.0,0.0,0.0,1.0,0.0,0.0,1.0
examples of,0.0,0.0,0.0,0.0,1.0,0.0,0.0,1.0
examples of this,0.0,0.0,0.0,0.0,1.0,0.0,0.0,1.0
extra,0.0,0.0,1.0,0.0,0.0,0.0,0.0,-1.0
extra bottled,0.0,0.0,1.0,0.0,0.0,0.0,0.0,-1.0
extra bottled drinking,0.0,0.0,1.0,0.0,0.0,0.0,0.0,-1.0
failed,0.0,0.0,0.0,0.0,0.0,0.0,1.0,-1.0
failed wifi,0.0,0.0,0.0,0.0,0.0,0.0,1.0,-1.0
failed wifi after,0.0,0.0,0.0,0.0,0.0,0.0,1.0,-1.0
fallen,1.0,0.0,0.0,0.0,0.0,0.0,0.0,1.0
fallen power,1.0,0.0,0.0,0.0,0.0,0.0,0.0,1.0
fallen power cables,1.0,0.0,0.0,0.0,0.0,0.0,0.0,1.0
far,1.0,0.0,0.0,0.0,0.0,0.0,0.0,-1.0
far everything,1.0,0.0,0.0,0.0,0.0,0.0,0.0,-1.0
far everything prepared,1.0,0.0,0.0,0.0,0.0,0.0,0.0,-1.0
fast,1.0,0.0,0.0,0.0,0.0,0.0,0.0,1.0
feel,0.0,0.0,0.0,0.0,0.0,0.0,1.0,-1.0
feelings,0.0,0.0,0.0,0.0,0.0,0.0,1.0,-1.0
feelings just,0.0,0.0,0.0,0.0,0.0,0.0,1.0,-1.0
feelings just do,0.0,0.0,0.0,0.0,0.0,0.0,1.0,-1.0
feel like,0.0,0.0,0.0,0.0,0.0,0.0,1.0,-1.0
feel like my,0.0,0.0,0.0,0.0,0.0,0.0,1.0,-1.0
ferry,1.0,0.0,0.0,0.0,0.0,0.0,0.0,1.0
ferry rd,1.0,0.0,0.0,0.0,0.0,0.0,0.0,1.0
ferry rd east,1.0,0.0,0.0,0.0,0.0,0.0,0.0,1.0
few,1.0,0.0,0.0,0.0,0.0,0.0,0.0,-1.0
few days,1.0,0.0,0.0,0.0,0.0,0.0,0.0,-1.0
few days but,1.0,0.0,0.0,0.0,0.0,0.0,0.0,-1.0
fgcu,0.0,0.0,0.0,0.0,0.0,0.0,1.0,-1.0
fgcu closed,0.0,0.0,0.0,0.0,0.0,0.0,1.0,-1.0
fgcu closed until,0.0,0.0,0.0,0.0,0.0,0.0,1.0,-1.0
filling,0.0,0.0,1.0,0.0,0.0,0.0,0.0,-1.0
filling your,0.0,0.0,1.0,0.0,0.0,0.0,0.0,-1.0
filling your washer,0.0,0.0,1.0,0.0,0.0,0.0,0.0,-1.0
finally,1.0,0.0,0.0,0.0,0.0,0.0,0.0,-1.0
finally have,1.0,0.0,0.0,0.0,0.0,0.0,0.0,-1.0
finally have power,1.0,0.0,0.0,0.0,0.0,0.0,0.0,-1.0
first,1.0,0.0,0.0,0.0,0.0,0.0,0.0,-1.0
first generator,1.0,0.0,0.0,0.0,0.0,0.0,0.0,-1.0
first generator please,1.0,0.0,0.0,0.0,0.0,0.0,0.0,-1.0
flashlights,1.0,0.0,0.0,0.0,0.0,0.0,0.0,1.0
flashlights pointed,1.0,0.0,0.0,0.0,0.0,0.0,0.0,1.0
flashlights pointed up,1.0,0.0,0.0,0.0,0.0,0.0,0.0,1.0
flickers,1.0,0.0,0.0,0.0,0.0,0.0,0.0,1.0
flickers irma,1.0,0.0,0.0,0.0,0.0,0.0,0.0,1.0
flickers irma you,1.0,0.0,0.0,0.0,0.0,0.0,0.0,1.0
flight,0.0,0.0,0.0,0.0,0.0,0.0,1.0,-1.0
flight united,0.0,0.0,0.0,0.0,0.0,0.0,1.0,-1.0
flight united minute,0.0,0.0,0.0,0.0,0.0,0.0,1.0,-1.0
florid,0.0,0.0,1.0,0.0,0.0,0.0,0.0,-1.0
florida,0.0,0.0,1.0,0.0,0.0,0.0,0.0,1.0
florida apparently,0.0,0.0,1.0,0.0,0.0,0.0,0.0,1.0
florida apparently pinellas,0.0,0.0,1.0,0.0,0.0,0.0,0.0,1.0
florida httpstcopsqyq,0.0,0.0,1.0,0.0,0.0,0.0,0.0,1.0
florid httpstcotigdow,0.0,0.0,1.0,0.0,0.0,0.0,0.0,-1.0
for,0.3333333333333333,0.0,0.16666666666666666,0.0,0.0,0.16666666666666666,0.3333333333333333,-1.0
for a,1.0,0.0,0.0,0.0,0.0,0.0,0.0,-1.0
for another,0.0,0.0,0.0,0.0,0.0,0.0,1.0,-1.0
for another awesome,0.0,0.0,0.0,0.0,0.0,0.0,1.0,-1.0
for a few,1.0,0.0,0.0,0.0,0.0,0.0,0.0,-1.0
for granted,0.0,0.0,0.0,0.0,0.0,0.0,1.0,-1.0
for granted httpstcomppgea,0.0,0.0,0.0,0.0,0.0,0.0,1.0,-1.0
for hurricane,0.0,0.0,1.0,0.0,0.0,0.0,0.0,-1.0
for hurricane irma,0.0,0.0,1.0,0.0,0.0,0.0,0.0,-1.0
for the,1.0,0.0,0.0,0.0,0.0,0.0,0.0,-1.0
for the week,1.0,0.0,0.0,0.0,0.0,0.0,0.0,-1.0
for this,0.0,0.0,0.0,0.0,0.0,1.0,0.0,-1.0
for this weekend,0.0,0.0,0.0,0.0,0.0,1.0,0.0,-1.0
friends,1.0,0.0,0.0,0.0,0.0,0.0,0.0,1.0
friends in,1.0,0.0,0.0,0.0,0.0,0.0,0.0,1.0
friends in overtown,1.0,0.0,0.0,0.0,0.0,0.0,0.0,1.0
fully,1.0,0.0,0.0,0.0,0.0,0.0,0.0,1.0
fully restored,1.0,0.0,0.0,0.0,0.0,0.0,0.0,1.0
fully restored but,1.0,0.0,0.0,0.0,0.0,0.0,0.0,1.0
game,0.3333333333333333,0.0,0.0,0.0,0.0,0.0,0.6666666666666666,-1.0
game i,0.0,0.0,0.0,0.0,0.0,0.0,1.0,-1.0
game i feel,0.0,0.0,0.0,0.0,0.0,0.0,1.0,-1.0
game they,0.0,0.0,0.0,0.0,0.0,0.0,1.0,-1.0
game they have,0.0,0.0,0.0,0.0,0.0,0.0,1.0,-1.0
game tomorrow,1.0,0.0,0.0,0.0,0.0,0.0,0.0,-1.0
game tomorrow night,1.0,0.0,0.0,0.0,0.0,0.0,0.0,-1.0
generator,1.0,0.0,0.0,0.0,0.0,0.0,0.0,-1.0
generator at,1.0,0.0,0.0,0.0,0.0,0.0,0.0,-1.0
generator at my,1.0,0.0,0.0,0.0,0.0,0.0,0.0,-1.0
generator please,1.0,0.0,0.0,0.0,0.0,0.0,0.0,-1.0
generator please read,1.0,0.0,0.0,0.0,0.0,0.0,0.0,-1.0
get,0.0,0.0,0.0,0.0,0.0,0.0,1.0,-1.0
getting,1.0,0.0,0.0,0.0,0.0,0.0,0.0,1.0
getting the,1.0,0.0,0.0,0.0,0.0,0.0,0.0,1.0
get the,0.0,0.0,0.0,0.0,0.0,0.0,1.0,-1.0
get the chills,0.0,0.0,0.0,0.0,0.0,0.0,1.0,-1.0
get the low,0.0,0.0,0.0,0.0,0.0,0.0,1.0,-1.0
ghostadventures,0.0,0.0,0.0,0.0,0.0,0.0,1.0,-1.0
ghostadventures artifacts,0.0,0.0,0.0,0.0,0.0,0.0,1.0,-1.0
ghostadventures artifacts on,0.0,0.0,0.0,0.0,0.0,0.0,1.0,-1.0
go,1.0,0.0,0.0,0.0,0.0,0.0,0.0,0.0
gonna,0.5,0.0,0.0,0.0,0.0,0.0,0.5,-1.0
gonna hurt,0.0,0.0,0.0,0.0,0.0,0.0,1.0,-1.0
gonna hurt my,0.0,0.0,0.0,0.0,0.0,0.0,1.0,-1.0
gonna start,1.0,0.0,0.0,0.0,0.0,0.0,0.0,-1.0
gonna start hitting,1.0,0.0,0.0,0.0,0.0,0.0,0.0,-1.0
good,0.0,0.0,1.0,0.0,0.0,0.0,0.0,-1.0
good supply,0.0,0.0,1.0,0.0,0.0,0.0,0.0,-1.0
good supply of,0.0,0.0,1.0,0.0,0.0,0.0,0.0,-1.0
good tip,0.0,0.0,1.0,0.0,0.0,0.0,0.0,-1.0
good tip the,0.0,0.0,1.0,0.0,0.0,0.0,0.0,-1.0
go out,1.0,0.0,0.0,0.0,0.0,0.0,0.0,0.0
go out to,1.0,0.0,0.0,0.0,0.0,0.0,0.0,1.0
granted,0.0,0.0,0.0,0.0,0.0,0.0,1.0,-1.0
granted httpstcomppgea,0.0,0.0,0.0,0.0,0.0,0.0,1.0,-1.0
groves,0.0,0.0,0.0,1.0,0.0,0.0,0.0,1.0
groves so,0.0,0.0,0.0,1.0,0.0,0.0,0.0,1.0
groves so drainage,0.0,0.0,0.0,1.0,0.0,0.0,0.0,1.0
guys,1.0,0.0,0.0,0.0,0.0,0.0,0.0,-1.0
guys the,1.0,0.0,0.0,0.0,0.0,0.0,0.0,-1.0
guys the hurricane,1.0,0.0,0.0,0.0,0.0,0.0,0.0,-1.0
had,1.0,0.0,0.0,0.0,0.0,0.0,0.0,1.0
had power,1.0,0.0,0.0,0.0,0.0,0.0,0.0,1.0
had power since,1.0,0.0,0.0,0.0,0.0,0.0,0.0,1.0
hahahahaahaah,0.0,0.0,0.0,0.0,0.0,0.0,1.0,-1.0
hahahahaahaah fgcu,0.0,0.0,0.0,0.0,0.0,0.0,1.0,-1.0
hahahahaahaah fgcu closed,0.0,0.0,0.0,0.0,0.0,0.0,1.0,-1.0
happy,0.0,0.0,0.0,0.0,0.0,1.0,0.0,-1.0
happy about,0.0,0.0,0.0,0.0,0.0,1.0,0.0,-1.0
happy about it,0.0,0.0,0.0,0.0,0.0,1.0,0.0,-1.0
has,0.5,0.0,0.25,0.0,0.0,0.0,0.25,0.0
has a,0.0,0.0,1.0,0.0,0.0,0.0,0.0,-1.0
has a good,0.0,0.0,1.0,0.0,0.0,0.0,0.0,-1.0
has power,0.0,0.0,0.0,0.0,0.0,0.0,1.0,-1.0
has power when,0.0,0.0,0.0,0.0,0.0,0.0,1.0,-1.0
has yet,1.0,0.0,0.0,0.0,0.0,0.0,0.0,1.0
has yet to,1.0,0.0,0.0,0.0,0.0,0.0,0.0,1.0
have,0.6,0.0,0.0,0.0,0.2,0.0,0.2,-0.2
have not,1.0,0.0,0.0,0.0,0.0,0.0,0.0,1.0
have not had,1.0,0.0,0.0,0.0,0.0,0.0,0.0,1.0
have personally,0.0,0.0,0.0,0.0,1.0,0.0,0.0,1.0
have personally seen,0.0,0.0,0.0,0.0,1.0,0.0,0.0,1.0
have played,0.0,0.0,0.0,0.0,0.0,0.0,1.0,-1.0
have power,1.0,0.0,0.0,0.0,0.0,0.0,0.0,-1.0
have power again,1.0,0.0,0.0,0.0,0.0,0.0,0.0,-1.0
have power to,1.0,0.0,0.0,0.0,0.0,0.0,0.0,-1.0
having,0.0,1.0,0.0,0.0,0.0,0.0,0.0,1.0
having internet,0.0,1.0,0.0,0.0,0.0,0.0,0.0,1.0
having internet issues,0.0,1.0,0.0,0.0,0.0,0.0,0.0,1.0
he,1.0,0.0,0.0,0.0,0.0,0.0,0.0,1.0
hell,1.0,0.0,0.0,0.0,0.0,0.0,0.0,-1.0
hell out,1.0,0.0,0.0,0.0,0.0,0.0,0.0,-1.0
hell out shit,1.0,0.0,0.0,0.0,0.0,0.0,0.0,-1.0
here,0.5,0.0,0.0,0.5,0.0,0.0,0.0,1.0
here they,1.0,0.0,0.0,0.0,0.0,0.0,0.0,1.0
here they power,1.0,0.0,0.0,0.0,0.0,0.0,0.0,1.0
here we,0.0,0.0,0.0,1.0,0.0,0.0,0.0,1.0
here we were,0.0,0.0,0.0,1.0,0.0,0.0,0.0,1.0
hey,1.0,0.0,0.0,0.0,0.0,0.0,0.0,-1.0
hey guys,1.0,0.0,0.0,0.0,0.0,0.0,0.0,-1.0
hey guys the,1.0,0.0,0.0,0.0,0.0,0.0,0.0,-1.0
he only,1.0,0.0,0.0,0.0,0.0,0.0,0.0,1.0
he only place,1.0,0.0,0.0,0.0,0.0,0.0,0.0,1.0
hi,0.0,1.0,0.0,0.0,0.0,0.0,0.0,1.0
highway,0.0,0.0,0.0,0.0,1.0,0.0,0.0,1.0
highway this,0.0,0.0,0.0,0.0,1.0,0.0,0.0,1.0
highway this morning,0.0,0.0,0.0,0.0,1.0,0.0,0.0,1.0
hitting,1.0,0.0,0.0,0.0,0.0,0.0,0.0,-1.0
hitting my,1.0,0.0,0.0,0.0,0.0,0.0,0.0,-1.0
hitting my city,1.0,0.0,0.0,0.0,0.0,0.0,0.0,-1.0
hi everyone,0.0,1.0,0.0,0.0,0.0,0.0,0.0,1.0
hi everyone still,0.0,1.0,0.0,0.0,0.0,0.0,0.0,1.0
home,1.0,0.0,0.0,0.0,0.0,0.0,0.0,1.0
homework,1.0,0.0,0.0,0.0,0.0,0.0,0.0,-1.0
homework for,1.0,0.0,0.0,0.0,0.0,0.0,0.0,-1.0
homework for the,1.0,0.0,0.0,0.0,0.0,0.0,0.0,-1.0
home cooked,1.0,0.0,0.0,0.0,0.0,0.0,0.0,1.0
home cooked meal,1.0,0.0,0.0,0.0,0.0,0.0,0.0,1.0
hotel,1.0,0.0,0.0,0.0,0.0,0.0,0.0,1.0
hotel no,1.0,0.0,0.0,0.0,0.0,0.0,0.0,1.0
hotel no problem,1.0,0.0,0.0,0.0,0.0,0.0,0.0,1.0
how,1.0,0.0,0.0,0.0,0.0,0.0,0.0,1.0
how you,1.0,0.0,0.0,0.0,0.0,0.0,0.0,1.0
how you do,1.0,0.0,0.0,0.0,0.0,0.0,0.0,1.0
httpstcobabeltevus,1.0,0.0,0.0,0.0,0.0,0.0,0.0,1.0
httpstcobdvtezmp,0.0,0.0,0.0,0.0,0.0,0.0,1.0,-1.0
httpstcobdvtezmp httpstcocbcuzqwqsx,0.0,0.0,0.0,0.0,0.0,0.0,1.0,-1.0
httpstcocbcuzqwqsx,0.0,0.0,0.0,0.0,0.0,0.0,1.0,-1.0
httpstcodwejmztzh,1.0,0.0,0.0,0.0,0.0,0.0,0.0,-1.0
httpstcokjgfpvuu,0.0,0.0,0.0,0.0,1.0,0.0,0.0,1.0
httpstcomppgea,0.0,0.0,0.0,0.0,0.0,0.0,1.0,-1.0
httpstcopgmjtbxb,1.0,0.0,0.0,0.0,0.0,0.0,0.0,-1.0
httpstcopsqyq,0.0,0.0,1.0,0.0,0.0,0.0,0.0,1.0
httpstcorkcjybtmy,0.0,0.0,0.0,1.0,0.0,0.0,0.0,1.0
httpstcosittrewh,0.0,0.0,0.0,0.0,0.0,0.0,1.0,-1.0
httpstcosittrewh photo,0.0,0.0,0.0,0.0,0.0,0.0,1.0,-1.0
httpstcosittrewh photo ,0.0,0.0,0.0,0.0,0.0,0.0,1.0,-1.0
httpstcosysgbklnf,0.0,1.0,0.0,0.0,0.0,0.0,0.0,1.0
httpstcosysgbklnf ,0.0,1.0,0.0,0.0,0.0,0.0,0.0,1.0
httpstcotigdow,0.0,0.0,1.0,0.0,0.0,0.0,0.0,-1.0
httpstcoudvtjgpnl,1.0,0.0,0.0,0.0,0.0,0.0,0.0,1.0
httpstcoweltzxamrc,1.0,0.0,0.0,0.0,0.0,0.0,0.0,1.0
httpstcowkkpxcgfq,0.0,0.0,0.0,0.0,1.0,0.0,0.0,1.0
httpstcoxesfgksrqq,0.0,0.0,0.0,0.0,0.0,0.0,1.0,-1.0
httpstcoxxafovqd,0.0,0.0,1.0,0.0,0.0,0.0,0.0,-1.0
hurricane,0.6666666666666666,0.0,0.16666666666666666,0.0,0.0,0.16666666666666666,0.0,-0.3333333333333333
hurricane httpstcopgmjtbxb,1.0,0.0,0.0,0.0,0.0,0.0,0.0,-1.0
hurricane httpstcoudvtjgpnl,1.0,0.0,0.0,0.0,0.0,0.0,0.0,1.0
hurricane i,1.0,0.0,0.0,0.0,0.0,0.0,0.0,1.0
hurricane irma,0.0,0.0,1.0,0.0,0.0,0.0,0.0,-1.0
hurricane irma are,0.0,0.0,1.0,0.0,0.0,0.0,0.0,-1.0
hurricane is,1.0,0.0,0.0,0.0,0.0,0.0,0.0,-1.0
hurricane is gonna,1.0,0.0,0.0,0.0,0.0,0.0,0.0,-1.0
hurricane i have,1.0,0.0,0.0,0.0,0.0,0.0,0.0,1.0
hurricane live,0.0,0.0,0.0,0.0,0.0,1.0,0.0,-1.0
hurricane live shot,0.0,0.0,0.0,0.0,0.0,1.0,0.0,-1.0
hurt,0.0,0.0,0.0,0.0,0.0,0.0,1.0,-1.0
hurt my,0.0,0.0,0.0,0.0,0.0,0.0,1.0,-1.0
hurt my feelings,0.0,0.0,0.0,0.0,0.0,0.0,1.0,-1.0
hwy,1.0,0.0,0.0,0.0,0.0,0.0,0.0,1.0
hwy today,1.0,0.0,0.0,0.0,0.0,0.0,0.0,1.0
hwy today powers,1.0,0.0,0.0,0.0,0.0,0.0,0.0,1.0
i,0.6086956521739131,0.0,0.043478260869565216,0.0,0.08695652173913043,0.043478260869565216,0.21739130434782608,-0.391304347826087
ice,0.0,0.0,1.0,0.0,0.0,0.0,0.0,-1.0
ice bottled,0.0,0.0,1.0,0.0,0.0,0.0,0.0,-1.0
ice bottled water,0.0,0.0,1.0,0.0,0.0,0.0,0.0,-1.0
ice meltsdrainsno,0.0,0.0,1.0,0.0,0.0,0.0,0.0,-1.0
ice meltsdrainsno mess,0.0,0.0,1.0,0.0,0.0,0.0,0.0,-1.0
if,1.0,0.0,0.0,0.0,0.0,0.0,0.0,-0.3333333333333333
if i,1.0,0.0,0.0,0.0,0.0,0.0,0.0,0.0
if i do,1.0,0.0,0.0,0.0,0.0,0.0,0.0,1.0
if i should,1.0,0.0,0.0,0.0,0.0,0.0,0.0,-1.0
if this,1.0,0.0,0.0,0.0,0.0,0.0,0.0,-1.0
if this is,1.0,0.0,0.0,0.0,0.0,0.0,0.0,-1.0
in,0.36363636363636365,0.0,0.09090909090909091,0.09090909090909091,0.09090909090909091,0.0,0.36363636363636365,0.2727272727272727
including,1.0,0.0,0.0,0.0,0.0,0.0,0.0,1.0
including power,1.0,0.0,0.0,0.0,0.0,0.0,0.0,1.0
including power and,1.0,0.0,0.0,0.0,0.0,0.0,0.0,1.0
indoors,1.0,0.0,0.0,0.0,0.0,0.0,0.0,-1.0
indoors on,1.0,0.0,0.0,0.0,0.0,0.0,0.0,-1.0
indoors on my,1.0,0.0,0.0,0.0,0.0,0.0,0.0,-1.0
inside,0.0,0.0,0.0,0.0,0.0,1.0,0.0,-1.0
inside while,0.0,0.0,0.0,0.0,0.0,1.0,0.0,-1.0
inside while they,0.0,0.0,0.0,0.0,0.0,1.0,0.0,-1.0
interboronyc,0.0,0.0,0.0,0.0,0.0,0.0,1.0,-1.0
interboronyc at,0.0,0.0,0.0,0.0,0.0,0.0,1.0,-1.0
interboronyc at daytonahilton,0.0,0.0,0.0,0.0,0.0,0.0,1.0,-1.0
interested,0.0,0.0,0.0,0.0,0.0,0.0,1.0,-1.0
interested than,0.0,0.0,0.0,0.0,0.0,0.0,1.0,-1.0
interested than being,0.0,0.0,0.0,0.0,0.0,0.0,1.0,-1.0
internet,0.0,1.0,0.0,0.0,0.0,0.0,0.0,1.0
internet issues,0.0,1.0,0.0,0.0,0.0,0.0,0.0,1.0
internet issues dud,0.0,1.0,0.0,0.0,0.0,0.0,0.0,1.0
in an,0.0,0.0,0.0,1.0,0.0,0.0,0.0,1.0
in an evac,0.0,0.0,0.0,1.0,0.0,0.0,0.0,1.0
in clear,0.0,0.0,0.0,0.0,0.0,0.0,1.0,-1.0
in clear weather,0.0,0.0,0.0,0.0,0.0,0.0,1.0,-1.0
in every,0.0,0.0,0.0,0.0,0.0,0.0,1.0,-1.0
in every game,0.0,0.0,0.0,0.0,0.0,0.0,1.0,-1.0
in florida,0.0,0.0,1.0,0.0,0.0,0.0,0.0,1.0
in florida apparently,0.0,0.0,1.0,0.0,0.0,0.0,0.0,1.0
in my,0.6666666666666666,0.0,0.0,0.0,0.0,0.0,0.3333333333333333,0.3333333333333333
in my block,1.0,0.0,0.0,0.0,0.0,0.0,0.0,1.0
in my car,0.0,0.0,0.0,0.0,0.0,0.0,1.0,-1.0
in my hotel,1.0,0.0,0.0,0.0,0.0,0.0,0.0,1.0
in on,1.0,0.0,0.0,0.0,0.0,0.0,0.0,1.0
in on on,1.0,0.0,0.0,0.0,0.0,0.0,0.0,1.0
in overtown,1.0,0.0,0.0,0.0,0.0,0.0,0.0,1.0
in overtown and,1.0,0.0,0.0,0.0,0.0,0.0,0.0,1.0
in shambles,0.0,0.0,0.0,0.0,0.0,0.0,1.0,-1.0
in sunshines,0.0,0.0,0.0,0.0,1.0,0.0,0.0,1.0
in sunshines ay,0.0,0.0,0.0,0.0,1.0,0.0,0.0,1.0
irma,0.5,0.0,0.5,0.0,0.0,0.0,0.0,0.0
irma are,0.0,0.0,1.0,0.0,0.0,0.0,0.0,-1.0
irma are cover,0.0,0.0,1.0,0.0,0.0,0.0,0.0,-1.0
irma you,1.0,0.0,0.0,0.0,0.0,0.0,0.0,1.0
irma you soft,1.0,0.0,0.0,0.0,0.0,0.0,0.0,1.0
is,0.6,0.0,0.06666666666666667,0.13333333333333333,0.06666666666666667,0.0,0.13333333333333333,-0.06666666666666667
issues,0.0,1.0,0.0,0.0,0.0,0.0,0.0,1.0
issues dud,0.0,1.0,0.0,0.0,0.0,0.0,0.0,1.0
issues dud to,0.0,1.0,0.0,0.0,0.0,0.0,0.0,1.0
is a,0.0,0.0,1.0,0.0,0.0,0.0,0.0,-1.0
is also,0.0,0.0,0.0,0.0,1.0,0.0,0.0,1.0
is also causing,0.0,0.0,0.0,0.0,1.0,0.0,0.0,1.0
is a good,0.0,0.0,1.0,0.0,0.0,0.0,0.0,-1.0
is back,1.0,0.0,0.0,0.0,0.0,0.0,0.0,-1.0
is back wifi,1.0,0.0,0.0,0.0,0.0,0.0,0.0,-1.0
is gonna,1.0,0.0,0.0,0.0,0.0,0.0,0.0,-1.0
is gonna start,1.0,0.0,0.0,0.0,0.0,0.0,0.0,-1.0
is in,0.0,0.0,0.0,1.0,0.0,0.0,0.0,1.0
is in an,0.0,0.0,0.0,1.0,0.0,0.0,0.0,1.0
is laugh,1.0,0.0,0.0,0.0,0.0,0.0,0.0,1.0
is laugh no,1.0,0.0,0.0,0.0,0.0,0.0,0.0,1.0
is like,0.5,0.0,0.0,0.0,0.0,0.0,0.5,0.0
is like a,0.0,0.0,0.0,0.0,0.0,0.0,1.0,-1.0
is like he,1.0,0.0,0.0,0.0,0.0,0.0,0.0,1.0
is lit,0.0,0.0,0.0,0.0,0.0,0.0,1.0,-1.0
is not,1.0,0.0,0.0,0.0,0.0,0.0,0.0,1.0
is not about,1.0,0.0,0.0,0.0,0.0,0.0,0.0,1.0
is real,0.0,0.0,0.0,1.0,0.0,0.0,0.0,1.0
is real httpstcorkcjybtmy,0.0,0.0,0.0,1.0,0.0,0.0,0.0,1.0
is terrifying,1.0,0.0,0.0,0.0,0.0,0.0,0.0,-1.0
is terrifying af,1.0,0.0,0.0,0.0,0.0,0.0,0.0,-1.0
is that,1.0,0.0,0.0,0.0,0.0,0.0,0.0,1.0
is that cat,1.0,0.0,0.0,0.0,0.0,0.0,0.0,1.0
is working,1.0,0.0,0.0,0.0,0.0,0.0,0.0,-1.0
is working ac,1.0,0.0,0.0,0.0,0.0,0.0,0.0,-1.0
is your,1.0,0.0,0.0,0.0,0.0,0.0,0.0,-1.0
is your first,1.0,0.0,0.0,0.0,0.0,0.0,0.0,-1.0
it,0.3333333333333333,0.0,0.0,0.0,0.1111111111111111,0.1111111111111111,0.4444444444444444,-0.3333333333333333
it does,0.0,0.0,0.0,0.0,0.0,0.0,1.0,-1.0
it does nothing,0.0,0.0,0.0,0.0,0.0,0.0,1.0,-1.0
it is,0.6,0.0,0.0,0.0,0.2,0.0,0.2,0.2
it is also,0.0,0.0,0.0,0.0,1.0,0.0,0.0,1.0
it is lit,0.0,0.0,0.0,0.0,0.0,0.0,1.0,-1.0
it is not,1.0,0.0,0.0,0.0,0.0,0.0,0.0,1.0
it is terrifying,1.0,0.0,0.0,0.0,0.0,0.0,0.0,-1.0
it is that,1.0,0.0,0.0,0.0,0.0,0.0,0.0,1.0
it was,0.0,0.0,0.0,0.0,0.0,0.0,1.0,-1.0
it was closed,0.0,0.0,0.0,0.0,0.0,0.0,1.0,-1.0
it will,0.0,0.0,0.0,0.0,0.0,0.0,1.0,-1.0
it will leave,0.0,0.0,0.0,0.0,0.0,0.0,1.0,-1.0
i agree,0.0,0.0,0.0,0.0,0.0,0.0,1.0,-1.0
i agree wait,0.0,0.0,0.0,0.0,0.0,0.0,1.0,-1.0
i am,0.6666666666666666,0.0,0.0,0.0,0.0,0.3333333333333333,0.0,0.3333333333333333
i am evacuating,1.0,0.0,0.0,0.0,0.0,0.0,0.0,1.0
i am just,1.0,0.0,0.0,0.0,0.0,0.0,0.0,1.0
i am kinda,0.0,0.0,0.0,0.0,0.0,1.0,0.0,-1.0
i at,1.0,0.0,0.0,0.0,0.0,0.0,0.0,1.0
i at raff,1.0,0.0,0.0,0.0,0.0,0.0,0.0,1.0
i both,0.0,0.0,0.0,0.0,1.0,0.0,0.0,1.0
i both nbsb,0.0,0.0,0.0,0.0,1.0,0.0,0.0,1.0
i could,1.0,0.0,0.0,0.0,0.0,0.0,0.0,-1.0
i could a,1.0,0.0,0.0,0.0,0.0,0.0,0.0,-1.0
i do,1.0,0.0,0.0,0.0,0.0,0.0,0.0,1.0
i donate,0.0,0.0,1.0,0.0,0.0,0.0,0.0,-1.0
i donate all,0.0,0.0,1.0,0.0,0.0,0.0,0.0,-1.0
i do say,1.0,0.0,0.0,0.0,0.0,0.0,0.0,1.0
i feel,0.0,0.0,0.0,0.0,0.0,0.0,1.0,-1.0
i feel like,0.0,0.0,0.0,0.0,0.0,0.0,1.0,-1.0
i finally,1.0,0.0,0.0,0.0,0.0,0.0,0.0,-1.0
i finally have,1.0,0.0,0.0,0.0,0.0,0.0,0.0,-1.0
i have,0.6666666666666666,0.0,0.0,0.0,0.3333333333333333,0.0,0.0,0.3333333333333333
i have not,1.0,0.0,0.0,0.0,0.0,0.0,0.0,1.0
i have personally,0.0,0.0,0.0,0.0,1.0,0.0,0.0,1.0
i have power,1.0,0.0,0.0,0.0,0.0,0.0,0.0,-1.0
i need,0.0,0.0,0.0,0.0,0.0,0.0,1.0,-1.0
i need to,0.0,0.0,0.0,0.0,0.0,0.0,1.0,-1.0
i pray,1.0,0.0,0.0,0.0,0.0,0.0,0.0,-1.0
i pray my,1.0,0.0,0.0,0.0,0.0,0.0,0.0,-1.0
i should,1.0,0.0,0.0,0.0,0.0,0.0,0.0,-1.0
i should do,1.0,0.0,0.0,0.0,0.0,0.0,0.0,-1.0
i thought,1.0,0.0,0.0,0.0,0.0,0.0,0.0,-1.0
i thought everybody,1.0,0.0,0.0,0.0,0.0,0.0,0.0,-1.0
i tried,0.0,0.0,0.0,0.0,0.0,0.0,1.0,-1.0
i will,1.0,0.0,0.0,0.0,0.0,0.0,0.0,-1.0
i will probably,1.0,0.0,0.0,0.0,0.0,0.0,0.0,-1.0
i will talk,1.0,0.0,0.0,0.0,0.0,0.0,0.0,-1.0
i wish,1.0,0.0,0.0,0.0,0.0,0.0,0.0,-1.0
i wish i,1.0,0.0,0.0,0.0,0.0,0.0,0.0,-1.0
i would,0.0,0.0,0.0,0.0,0.0,0.0,1.0,-1.0
i would rather,0.0,0.0,0.0,0.0,0.0,0.0,1.0,-1.0
jesus,1.0,0.0,0.0,0.0,0.0,0.0,0.0,-1.0
jijit,0.0,0.0,0.0,0.0,0.0,0.0,1.0,-1.0
jijit it,0.0,0.0,0.0,0.0,0.0,0.0,1.0,-1.0
jijit it was,0.0,0.0,0.0,0.0,0.0,0.0,1.0,-1.0
job,1.0,0.0,0.0,0.0,0.0,0.0,0.0,-1.0
job httpstcodwejmztzh,1.0,0.0,0.0,0.0,0.0,0.0,0.0,-1.0
jodiwishmn,0.0,0.0,0.0,0.0,0.0,0.0,1.0,-1.0
jodiwishmn i,0.0,0.0,0.0,0.0,0.0,0.0,1.0,-1.0
jodiwishmn i agree,0.0,0.0,0.0,0.0,0.0,0.0,1.0,-1.0
just,0.3333333333333333,0.3333333333333333,0.0,0.0,0.0,0.0,0.3333333333333333,0.3333333333333333
just do,0.0,0.0,0.0,0.0,0.0,0.0,1.0,-1.0
just do not,0.0,0.0,0.0,0.0,0.0,0.0,1.0,-1.0
just now,1.0,0.0,0.0,0.0,0.0,0.0,0.0,1.0
just now getting,1.0,0.0,0.0,0.0,0.0,0.0,0.0,1.0
just remember,0.0,1.0,0.0,0.0,0.0,0.0,0.0,1.0
just remember out,0.0,1.0,0.0,0.0,0.0,0.0,0.0,1.0
kind,1.0,0.0,0.0,0.0,0.0,0.0,0.0,1.0
kinda,0.0,0.0,0.0,0.0,0.0,1.0,0.0,-1.0
kinda not,0.0,0.0,0.0,0.0,0.0,1.0,0.0,-1.0
kinda not happy,0.0,0.0,0.0,0.0,0.0,1.0,0.0,-1.0
kind of,1.0,0.0,0.0,0.0,0.0,0.0,0.0,1.0
kind of nice,1.0,0.0,0.0,0.0,0.0,0.0,0.0,1.0
know,0.0,0.0,0.0,0.0,0.0,0.0,1.0,-1.0
know an,0.0,0.0,0.0,0.0,0.0,0.0,1.0,-1.0
know an object,0.0,0.0,0.0,0.0,0.0,0.0,1.0,-1.0
last,0.5,0.0,0.5,0.0,0.0,0.0,0.0,1.0
last bottle,0.0,0.0,1.0,0.0,0.0,0.0,0.0,1.0
last bottle of,0.0,0.0,1.0,0.0,0.0,0.0,0.0,1.0
last night,1.0,0.0,0.0,0.0,0.0,0.0,0.0,1.0
laugh,1.0,0.0,0.0,0.0,0.0,0.0,0.0,1.0
laugh no,1.0,0.0,0.0,0.0,0.0,0.0,0.0,1.0
laugh no power,1.0,0.0,0.0,0.0,0.0,0.0,0.0,1.0
lazy,1.0,0.0,0.0,0.0,0.0,0.0,0.0,-1.0
lazy and,1.0,0.0,0.0,0.0,0.0,0.0,0.0,-1.0
lazy and staying,1.0,0.0,0.0,0.0,0.0,0.0,0.0,-1.0
leave,0.0,0.0,0.0,0.0,0.0,0.0,1.0,-1.0
leave your,0.0,0.0,0.0,0.0,0.0,0.0,1.0,-1.0
leave your phone,0.0,0.0,0.0,0.0,0.0,0.0,1.0,-1.0
led,0.0,0.0,0.0,0.0,0.0,0.0,1.0,-1.0
led on,0.0,0.0,0.0,0.0,0.0,0.0,1.0,-1.0
led on lol,0.0,0.0,0.0,0.0,0.0,0.0,1.0,-1.0
like,0.3333333333333333,0.0,0.0,0.0,0.0,0.0,0.6666666666666666,-0.3333333333333333
like a,0.0,0.0,0.0,0.0,0.0,0.0,1.0,-1.0
like a waste,0.0,0.0,0.0,0.0,0.0,0.0,1.0,-1.0
like he,1.0,0.0,0.0,0.0,0.0,0.0,0.0,1.0
like he only,1.0,0.0,0.0,0.0,0.0,0.0,0.0,1.0
like my,0.0,0.0,0.0,0.0,0.0,0.0,1.0,-1.0
like my body,0.0,0.0,0.0,0.0,0.0,0.0,1.0,-1.0
limit,0.0,0.0,1.0,0.0,0.0,0.0,0.0,-1.0
limit but,0.0,0.0,1.0,0.0,0.0,0.0,0.0,-1.0
limit but the,0.0,0.0,1.0,0.0,0.0,0.0,0.0,-1.0
listing,0.0,0.0,0.0,0.0,0.0,0.0,1.0,-1.0
listing on,0.0,0.0,0.0,0.0,0.0,0.0,1.0,-1.0
listing on doran,0.0,0.0,0.0,0.0,0.0,0.0,1.0,-1.0
lit,0.0,0.0,0.0,0.0,0.0,0.0,1.0,-1.0
live,0.0,0.0,0.0,0.0,0.0,1.0,0.0,-1.0
live shot,0.0,0.0,0.0,0.0,0.0,1.0,0.0,-1.0
live shot drinking,0.0,0.0,0.0,0.0,0.0,1.0,0.0,-1.0
lol,0.0,0.0,0.0,0.0,0.0,0.5,0.5,-1.0
lol ur,0.0,0.0,0.0,0.0,0.0,0.0,1.0,-1.0
lol ur not,0.0,0.0,0.0,0.0,0.0,0.0,1.0,-1.0
looks,1.0,0.0,0.0,0.0,0.0,0.0,0.0,1.0
looks kind,1.0,0.0,0.0,0.0,0.0,0.0,0.0,1.0
looks kind of,1.0,0.0,0.0,0.0,0.0,0.0,0.0,1.0
lose,1.0,0.0,0.0,0.0,0.0,0.0,0.0,-1.0
lose power,1.0,0.0,0.0,0.0,0.0,0.0,0.0,-1.0
lose power for,1.0,0.0,0.0,0.0,0.0,0.0,0.0,-1.0
lost,1.0,0.0,0.0,0.0,0.0,0.0,0.0,1.0
lost power,1.0,0.0,0.0,0.0,0.0,0.0,0.0,1.0
low,0.0,0.0,0.0,0.0,0.0,0.0,1.0,-1.0
low power,0.0,0.0,0.0,0.0,0.0,0.0,1.0,-1.0
low power battery,0.0,0.0,0.0,0.0,0.0,0.0,1.0,-1.0
main,0.0,0.0,0.0,0.0,0.0,0.0,1.0,-1.0
main task,0.0,0.0,0.0,0.0,0.0,0.0,1.0,-1.0
main task bar,0.0,0.0,0.0,0.0,0.0,0.0,1.0,-1.0
mama,1.0,0.0,0.0,0.0,0.0,0.0,0.0,1.0
mama cannot,1.0,0.0,0.0,0.0,0.0,0.0,0.0,1.0
mama cannot ask,1.0,0.0,0.0,0.0,0.0,0.0,0.0,1.0
man,1.0,0.0,0.0,0.0,0.0,0.0,0.0,-1.0
man i,1.0,0.0,0.0,0.0,0.0,0.0,0.0,-1.0
man i pray,1.0,0.0,0.0,0.0,0.0,0.0,0.0,-1.0
me,0.5,0.0,0.25,0.0,0.0,0.0,0.25,0.5
meal,1.0,0.0,0.0,0.0,0.0,0.0,0.0,1.0
meltsdrainsno,0.0,0.0,1.0,0.0,0.0,0.0,0.0,-1.0
meltsdrainsno mess,0.0,0.0,1.0,0.0,0.0,0.0,0.0,-1.0
mess,0.5,0.0,0.5,0.0,0.0,0.0,0.0,0.0
mess up,1.0,0.0,0.0,0.0,0.0,0.0,0.0,1.0
mess up everything,1.0,0.0,0.0,0.0,0.0,0.0,0.0,1.0
me has,1.0,0.0,0.0,0.0,0.0,0.0,0.0,1.0
me they,0.0,0.0,0.0,0.0,0.0,0.0,1.0,-1.0
me they are,0.0,0.0,0.0,0.0,0.0,0.0,1.0,-1.0
me to,1.0,0.0,0.0,0.0,0.0,0.0,0.0,1.0
me to spend,1.0,0.0,0.0,0.0,0.0,0.0,0.0,1.0
me with,0.0,0.0,1.0,0.0,0.0,0.0,0.0,1.0
me with the,0.0,0.0,1.0,0.0,0.0,0.0,0.0,1.0
michigan,0.0,0.0,0.0,0.0,0.0,0.0,1.0,-1.0
michigan struggled,0.0,0.0,0.0,0.0,0.0,0.0,1.0,-1.0
michigan struggled in,0.0,0.0,0.0,0.0,0.0,0.0,1.0,-1.0
might,1.0,0.0,0.0,0.0,0.0,0.0,0.0,-1.0
might lose,1.0,0.0,0.0,0.0,0.0,0.0,0.0,-1.0
might lose power,1.0,0.0,0.0,0.0,0.0,0.0,0.0,-1.0
millenia,0.0,0.0,1.0,0.0,0.0,0.0,0.0,-1.0
millenia bjswholesale,0.0,0.0,1.0,0.0,0.0,0.0,0.0,-1.0
millenia bjswholesale has,0.0,0.0,1.0,0.0,0.0,0.0,0.0,-1.0
minute,0.0,0.0,0.0,0.0,0.0,0.0,1.0,-1.0
minute delay,0.0,0.0,0.0,0.0,0.0,0.0,1.0,-1.0
minute delay in,0.0,0.0,0.0,0.0,0.0,0.0,1.0,-1.0
miramar,1.0,0.0,0.0,0.0,0.0,0.0,0.0,1.0
miramar already,1.0,0.0,0.0,0.0,0.0,0.0,0.0,1.0
miramar already lost,1.0,0.0,0.0,0.0,0.0,0.0,0.0,1.0
mode,0.0,0.0,0.0,0.0,0.0,0.0,1.0,-1.0
mode on,0.0,0.0,0.0,0.0,0.0,0.0,1.0,-1.0
mode on the,0.0,0.0,0.0,0.0,0.0,0.0,1.0,-1.0
money,0.0,0.0,0.0,0.0,0.0,0.0,1.0,-1.0
money it,0.0,0.0,0.0,0.0,0.0,0.0,1.0,-1.0
money it does,0.0,0.0,0.0,0.0,0.0,0.0,1.0,-1.0
more,1.0,0.0,0.0,0.0,0.0,0.0,0.0,1.0
more power,1.0,0.0,0.0,0.0,0.0,0.0,0.0,1.0
more power flickers,1.0,0.0,0.0,0.0,0.0,0.0,0.0,1.0
morning,0.0,0.0,0.3333333333333333,0.0,0.3333333333333333,0.0,0.3333333333333333,-0.3333333333333333
morning before,0.0,0.0,0.0,0.0,0.0,0.0,1.0,-1.0
morning before driving,0.0,0.0,0.0,0.0,0.0,0.0,1.0,-1.0
morning httpstcoxxafovqd,0.0,0.0,1.0,0.0,0.0,0.0,0.0,-1.0
morning it,0.0,0.0,0.0,0.0,1.0,0.0,0.0,1.0
morning it is,0.0,0.0,0.0,0.0,1.0,0.0,0.0,1.0
murra,0.0,0.0,0.0,0.0,0.0,0.0,1.0,-1.0
murra realest,0.0,0.0,0.0,0.0,0.0,0.0,1.0,-1.0
murra realest ate,0.0,0.0,0.0,0.0,0.0,0.0,1.0,-1.0
my,0.6,0.0,0.06666666666666667,0.0,0.0,0.0,0.3333333333333333,-0.4666666666666667
myself,1.0,0.0,0.0,0.0,0.0,0.0,0.0,1.0
myself httpstcoweltzxamrc,1.0,0.0,0.0,0.0,0.0,0.0,0.0,1.0
my block,1.0,0.0,0.0,0.0,0.0,0.0,0.0,1.0
my block but,1.0,0.0,0.0,0.0,0.0,0.0,0.0,1.0
my body,0.0,0.0,0.0,0.0,0.0,0.0,1.0,-1.0
my body shutting,0.0,0.0,0.0,0.0,0.0,0.0,1.0,-1.0
my car,0.0,0.0,0.0,0.0,0.0,0.0,1.0,-1.0
my car is,0.0,0.0,0.0,0.0,0.0,0.0,1.0,-1.0
my city,1.0,0.0,0.0,0.0,0.0,0.0,0.0,-1.0
my city around,1.0,0.0,0.0,0.0,0.0,0.0,0.0,-1.0
my dvr,0.0,0.0,0.0,0.0,0.0,0.0,1.0,-1.0
my dvr amp,0.0,0.0,0.0,0.0,0.0,0.0,1.0,-1.0
my extra,0.0,0.0,1.0,0.0,0.0,0.0,0.0,-1.0
my extra bottled,0.0,0.0,1.0,0.0,0.0,0.0,0.0,-1.0
my feelings,0.0,0.0,0.0,0.0,0.0,0.0,1.0,-1.0
my feelings just,0.0,0.0,0.0,0.0,0.0,0.0,1.0,-1.0
my homework,1.0,0.0,0.0,0.0,0.0,0.0,0.0,-1.0
my homework for,1.0,0.0,0.0,0.0,0.0,0.0,0.0,-1.0
my hotel,1.0,0.0,0.0,0.0,0.0,0.0,0.0,1.0
my hotel no,1.0,0.0,0.0,0.0,0.0,0.0,0.0,1.0
my job,1.0,0.0,0.0,0.0,0.0,0.0,0.0,-1.0
my job httpstcodwejmztzh,1.0,0.0,0.0,0.0,0.0,0.0,0.0,-1.0
my mama,1.0,0.0,0.0,0.0,0.0,0.0,0.0,1.0
my mama cannot,1.0,0.0,0.0,0.0,0.0,0.0,0.0,1.0
my own,1.0,0.0,0.0,0.0,0.0,0.0,0.0,-1.0
my own terms,1.0,0.0,0.0,0.0,0.0,0.0,0.0,-1.0
my power,0.6666666666666666,0.0,0.0,0.0,0.0,0.0,0.3333333333333333,-0.3333333333333333
my power do,1.0,0.0,0.0,0.0,0.0,0.0,0.0,-1.0
my power has,1.0,0.0,0.0,0.0,0.0,0.0,0.0,1.0
my power httpstcoxesfgksrqq,0.0,0.0,0.0,0.0,0.0,0.0,1.0,-1.0
nb,0.0,0.0,0.0,0.0,1.0,0.0,0.0,1.0
nbsb,0.0,0.0,0.0,0.0,1.0,0.0,0.0,1.0
nbsb at,0.0,0.0,0.0,0.0,1.0,0.0,0.0,1.0
nbsb at toll,0.0,0.0,0.0,0.0,1.0,0.0,0.0,1.0
nb and,0.0,0.0,0.0,0.0,1.0,0.0,0.0,1.0
nb and toll,0.0,0.0,0.0,0.0,1.0,0.0,0.0,1.0
need,0.0,0.0,0.0,0.0,0.0,0.0,1.0,-1.0
need to,0.0,0.0,0.0,0.0,0.0,0.0,1.0,-1.0
need to stop,0.0,0.0,0.0,0.0,0.0,0.0,1.0,-1.0
neighborhood,1.0,0.0,0.0,0.0,0.0,0.0,0.0,1.0
neighborhood is,1.0,0.0,0.0,0.0,0.0,0.0,0.0,1.0
neighborhood is like,1.0,0.0,0.0,0.0,0.0,0.0,0.0,1.0
never,0.0,0.0,0.0,0.0,0.0,0.0,1.0,-1.0
never taking,0.0,0.0,0.0,0.0,0.0,0.0,1.0,-1.0
never taking this,0.0,0.0,0.0,0.0,0.0,0.0,1.0,-1.0
next,1.0,0.0,0.0,0.0,0.0,0.0,0.0,1.0
next hurricane,1.0,0.0,0.0,0.0,0.0,0.0,0.0,1.0
next hurricane i,1.0,0.0,0.0,0.0,0.0,0.0,0.0,1.0
next to,1.0,0.0,0.0,0.0,0.0,0.0,0.0,1.0
next to me,1.0,0.0,0.0,0.0,0.0,0.0,0.0,1.0
nfl,1.0,0.0,0.0,0.0,0.0,0.0,0.0,-1.0
nfl game,1.0,0.0,0.0,0.0,0.0,0.0,0.0,-1.0
nfl game tomorrow,1.0,0.0,0.0,0.0,0.0,0.0,0.0,-1.0
nice,1.0,0.0,0.0,0.0,0.0,0.0,0.0,1.0
nice if,1.0,0.0,0.0,0.0,0.0,0.0,0.0,1.0
nice if i,1.0,0.0,0.0,0.0,0.0,0.0,0.0,1.0
night,1.0,0.0,0.0,0.0,0.0,0.0,0.0,0.0
no,0.75,0.0,0.0,0.25,0.0,0.0,0.0,1.0
not,0.5,0.0,0.0,0.0,0.0,0.125,0.375,-0.25
nothing,0.0,0.0,0.0,0.0,0.0,0.0,1.0,-1.0
not about,1.0,0.0,0.0,0.0,0.0,0.0,0.0,1.0
not about how,1.0,0.0,0.0,0.0,0.0,0.0,0.0,1.0
not drink,1.0,0.0,0.0,0.0,0.0,0.0,0.0,1.0
not drink water,1.0,0.0,0.0,0.0,0.0,0.0,0.0,1.0
not go,1.0,0.0,0.0,0.0,0.0,0.0,0.0,-1.0
not gonna,0.0,0.0,0.0,0.0,0.0,0.0,1.0,-1.0
not gonna hurt,0.0,0.0,0.0,0.0,0.0,0.0,1.0,-1.0
not go out,1.0,0.0,0.0,0.0,0.0,0.0,0.0,-1.0
not had,1.0,0.0,0.0,0.0,0.0,0.0,0.0,1.0
not had power,1.0,0.0,0.0,0.0,0.0,0.0,0.0,1.0
not happy,0.0,0.0,0.0,0.0,0.0,1.0,0.0,-1.0
not happy about,0.0,0.0,0.0,0.0,0.0,1.0,0.0,-1.0
not interested,0.0,0.0,0.0,0.0,0.0,0.0,1.0,-1.0
not interested than,0.0,0.0,0.0,0.0,0.0,0.0,1.0,-1.0
not waste,0.0,0.0,0.0,0.0,0.0,0.0,1.0,-1.0
not waste ur,0.0,0.0,0.0,0.0,0.0,0.0,1.0,-1.0
now,1.0,0.0,0.0,0.0,0.0,0.0,0.0,0.0
now everyone,1.0,0.0,0.0,0.0,0.0,0.0,0.0,1.0
now everyone deserves,1.0,0.0,0.0,0.0,0.0,0.0,0.0,1.0
now getting,1.0,0.0,0.0,0.0,0.0,0.0,0.0,1.0
now getting the,1.0,0.0,0.0,0.0,0.0,0.0,0.0,1.0
now hell,1.0,0.0,0.0,0.0,0.0,0.0,0.0,-1.0
now hell out,1.0,0.0,0.0,0.0,0.0,0.0,0.0,-1.0
now since,1.0,0.0,0.0,0.0,0.0,0.0,0.0,-1.0
now since we,1.0,0.0,0.0,0.0,0.0,0.0,0.0,-1.0
no power,1.0,0.0,0.0,0.0,0.0,0.0,0.0,1.0
no power after,1.0,0.0,0.0,0.0,0.0,0.0,0.0,1.0
no power in,1.0,0.0,0.0,0.0,0.0,0.0,0.0,1.0
no problem,1.0,0.0,0.0,0.0,0.0,0.0,0.0,1.0
no problem three,1.0,0.0,0.0,0.0,0.0,0.0,0.0,1.0
no tampa,0.0,0.0,0.0,1.0,0.0,0.0,0.0,1.0
no tampa is,0.0,0.0,0.0,1.0,0.0,0.0,0.0,1.0
object,0.0,0.0,0.0,0.0,0.0,0.0,1.0,-1.0
object has,0.0,0.0,0.0,0.0,0.0,0.0,1.0,-1.0
object has power,0.0,0.0,0.0,0.0,0.0,0.0,1.0,-1.0
oclockbeatwrtr,0.0,0.0,0.0,0.0,0.0,0.0,1.0,-1.0
oclockbeatwrtr jodiwishmn,0.0,0.0,0.0,0.0,0.0,0.0,1.0,-1.0
oclockbeatwrtr jodiwishmn i,0.0,0.0,0.0,0.0,0.0,0.0,1.0,-1.0
of,0.25,0.0,0.25,0.0,0.125,0.0,0.375,0.0
off,1.0,0.0,0.0,0.0,0.0,0.0,0.0,1.0
off since,1.0,0.0,0.0,0.0,0.0,0.0,0.0,1.0
off since am,1.0,0.0,0.0,0.0,0.0,0.0,0.0,1.0
of bottled,0.0,0.0,1.0,0.0,0.0,0.0,0.0,0.0
of bottled water,0.0,0.0,1.0,0.0,0.0,0.0,0.0,0.0
of i,1.0,0.0,0.0,0.0,0.0,0.0,0.0,1.0
of i at,1.0,0.0,0.0,0.0,0.0,0.0,0.0,1.0
of money,0.0,0.0,0.0,0.0,0.0,0.0,1.0,-1.0
of money it,0.0,0.0,0.0,0.0,0.0,0.0,1.0,-1.0
of nice,1.0,0.0,0.0,0.0,0.0,0.0,0.0,1.0
of nice if,1.0,0.0,0.0,0.0,0.0,0.0,0.0,1.0
of our,0.0,0.0,0.0,0.0,0.0,0.0,1.0,-1.0
of our listing,0.0,0.0,0.0,0.0,0.0,0.0,1.0,-1.0
of this,0.0,0.0,0.0,0.0,1.0,0.0,0.0,1.0
of this on,0.0,0.0,0.0,0.0,1.0,0.0,0.0,1.0
of time,0.0,0.0,0.0,0.0,0.0,0.0,1.0,-1.0
on,0.5,0.0,0.0,0.0625,0.125,0.0625,0.25,-0.125
only,1.0,0.0,0.0,0.0,0.0,0.0,0.0,1.0
only people,1.0,0.0,0.0,0.0,0.0,0.0,0.0,1.0
only people without,1.0,0.0,0.0,0.0,0.0,0.0,0.0,1.0
only place,1.0,0.0,0.0,0.0,0.0,0.0,0.0,1.0
only place with,1.0,0.0,0.0,0.0,0.0,0.0,0.0,1.0
on a,1.0,0.0,0.0,0.0,0.0,0.0,0.0,1.0
on a regular,1.0,0.0,0.0,0.0,0.0,0.0,0.0,1.0
on blastback,1.0,0.0,0.0,0.0,0.0,0.0,0.0,-1.0
on blastback to,1.0,0.0,0.0,0.0,0.0,0.0,0.0,-1.0
on by,1.0,0.0,0.0,0.0,0.0,0.0,0.0,-1.0
on by now,1.0,0.0,0.0,0.0,0.0,0.0,0.0,-1.0
on doran,0.0,0.0,0.0,0.0,0.0,0.0,1.0,-1.0
on doran road,0.0,0.0,0.0,0.0,0.0,0.0,1.0,-1.0
on highway,0.0,0.0,0.0,0.0,1.0,0.0,0.0,1.0
on highway this,0.0,0.0,0.0,0.0,1.0,0.0,0.0,1.0
on i,0.0,0.0,0.0,0.0,1.0,0.0,0.0,1.0
on i both,0.0,0.0,0.0,0.0,1.0,0.0,0.0,1.0
on lol,0.0,0.0,0.0,0.0,0.0,0.0,1.0,-1.0
on lol ur,0.0,0.0,0.0,0.0,0.0,0.0,1.0,-1.0
on my,0.5,0.0,0.0,0.0,0.0,0.0,0.5,-1.0
on my dvr,0.0,0.0,0.0,0.0,0.0,0.0,1.0,-1.0
on my own,1.0,0.0,0.0,0.0,0.0,0.0,0.0,-1.0
on on,1.0,0.0,0.0,0.0,0.0,0.0,0.0,1.0
on on w,1.0,0.0,0.0,0.0,0.0,0.0,0.0,1.0
on orange,0.0,0.0,0.0,1.0,0.0,0.0,0.0,1.0
on orange groves,0.0,0.0,0.0,1.0,0.0,0.0,0.0,1.0
on since,1.0,0.0,0.0,0.0,0.0,0.0,0.0,-1.0
on since yesterday,1.0,0.0,0.0,0.0,0.0,0.0,0.0,-1.0
on the,0.0,0.0,0.0,0.0,0.0,0.0,1.0,-1.0
on the main,0.0,0.0,0.0,0.0,0.0,0.0,1.0,-1.0
on tuesday,0.0,0.0,0.0,0.0,0.0,1.0,0.0,-1.0
on tuesday too,0.0,0.0,0.0,0.0,0.0,1.0,0.0,-1.0
on w,1.0,0.0,0.0,0.0,0.0,0.0,0.0,1.0
on where,1.0,0.0,0.0,0.0,0.0,0.0,0.0,1.0
on where u,1.0,0.0,0.0,0.0,0.0,0.0,0.0,1.0
on w paces,1.0,0.0,0.0,0.0,0.0,0.0,0.0,1.0
or,0.0,0.0,0.0,0.0,0.0,0.0,1.0,-1.0
orange,0.0,0.0,0.0,1.0,0.0,0.0,0.0,1.0
orange groves,0.0,0.0,0.0,1.0,0.0,0.0,0.0,1.0
orange groves so,0.0,0.0,0.0,1.0,0.0,0.0,0.0,1.0
our,0.5,0.0,0.0,0.0,0.0,0.0,0.5,0.0
our listing,0.0,0.0,0.0,0.0,0.0,0.0,1.0,-1.0
our listing on,0.0,0.0,0.0,0.0,0.0,0.0,1.0,-1.0
our neighborhood,1.0,0.0,0.0,0.0,0.0,0.0,0.0,1.0
our neighborhood is,1.0,0.0,0.0,0.0,0.0,0.0,0.0,1.0
out,0.75,0.25,0.0,0.0,0.0,0.0,0.0,0.0
outside,0.0,0.0,0.0,0.0,0.0,1.0,0.0,-1.0
out httpstcosysgbklnf,0.0,1.0,0.0,0.0,0.0,0.0,0.0,1.0
out httpstcosysgbklnf ,0.0,1.0,0.0,0.0,0.0,0.0,0.0,1.0
out shit,1.0,0.0,0.0,0.0,0.0,0.0,0.0,-1.0
out shit been,1.0,0.0,0.0,0.0,0.0,0.0,0.0,-1.0
out to,1.0,0.0,0.0,0.0,0.0,0.0,0.0,1.0
out to fast,1.0,0.0,0.0,0.0,0.0,0.0,0.0,1.0
over,0.5,0.0,0.0,0.0,0.0,0.0,0.5,0.0
overtown,1.0,0.0,0.0,0.0,0.0,0.0,0.0,1.0
overtown and,1.0,0.0,0.0,0.0,0.0,0.0,0.0,1.0
overtown and miramar,1.0,0.0,0.0,0.0,0.0,0.0,0.0,1.0
over here,1.0,0.0,0.0,0.0,0.0,0.0,0.0,1.0
over here they,1.0,0.0,0.0,0.0,0.0,0.0,0.0,1.0
over to,0.0,0.0,0.0,0.0,0.0,0.0,1.0,-1.0
over to my,0.0,0.0,0.0,0.0,0.0,0.0,1.0,-1.0
own,1.0,0.0,0.0,0.0,0.0,0.0,0.0,-1.0
own terms,1.0,0.0,0.0,0.0,0.0,0.0,0.0,-1.0
paces,1.0,0.0,0.0,0.0,0.0,0.0,0.0,1.0
paces ferry,1.0,0.0,0.0,0.0,0.0,0.0,0.0,1.0
paces ferry rd,1.0,0.0,0.0,0.0,0.0,0.0,0.0,1.0
paying,0.0,0.0,0.0,0.0,0.0,0.0,1.0,-1.0
paying ,0.0,0.0,0.0,0.0,0.0,0.0,1.0,-1.0
people,1.0,0.0,0.0,0.0,0.0,0.0,0.0,1.0
people without,1.0,0.0,0.0,0.0,0.0,0.0,0.0,1.0
people without power,1.0,0.0,0.0,0.0,0.0,0.0,0.0,1.0
personally,0.0,0.0,0.0,0.0,1.0,0.0,0.0,1.0
personally seen,0.0,0.0,0.0,0.0,1.0,0.0,0.0,1.0
personally seen about,0.0,0.0,0.0,0.0,1.0,0.0,0.0,1.0
phone,0.0,0.0,0.0,0.0,0.0,0.0,1.0,-1.0
phone in,0.0,0.0,0.0,0.0,0.0,0.0,1.0,-1.0
phone in shambles,0.0,0.0,0.0,0.0,0.0,0.0,1.0,-1.0
phone with,0.0,0.0,0.0,0.0,0.0,0.0,1.0,-1.0
phone with a,0.0,0.0,0.0,0.0,0.0,0.0,1.0,-1.0
photo,0.0,0.0,0.0,0.0,0.0,0.0,1.0,-1.0
photo ,0.0,0.0,0.0,0.0,0.0,0.0,1.0,-1.0
pinellas,0.0,0.0,1.0,0.0,0.0,0.0,0.0,1.0
pinellas county,0.0,0.0,1.0,0.0,0.0,0.0,0.0,1.0
pinellas county florida,0.0,0.0,1.0,0.0,0.0,0.0,0.0,1.0
place,1.0,0.0,0.0,0.0,0.0,0.0,0.0,1.0
place with,1.0,0.0,0.0,0.0,0.0,0.0,0.0,1.0
place with power,1.0,0.0,0.0,0.0,0.0,0.0,0.0,1.0
played,0.0,0.0,0.0,0.0,0.0,0.0,1.0,-1.0
please,0.5,0.0,0.0,0.0,0.0,0.0,0.5,-1.0
please dont,0.0,0.0,0.0,0.0,0.0,0.0,1.0,-1.0
please dont charge,0.0,0.0,0.0,0.0,0.0,0.0,1.0,-1.0
please read,1.0,0.0,0.0,0.0,0.0,0.0,0.0,-1.0
please read hurricane,1.0,0.0,0.0,0.0,0.0,0.0,0.0,-1.0
plz,0.0,0.0,0.0,0.0,1.0,0.0,0.0,1.0
plz nb,0.0,0.0,0.0,0.0,1.0,0.0,0.0,1.0
plz nb and,0.0,0.0,0.0,0.0,1.0,0.0,0.0,1.0
plz sb,0.0,0.0,0.0,0.0,1.0,0.0,0.0,1.0
plz sb traffic,0.0,0.0,0.0,0.0,1.0,0.0,0.0,1.0
pointed,1.0,0.0,0.0,0.0,0.0,0.0,0.0,1.0
pointed up,1.0,0.0,0.0,0.0,0.0,0.0,0.0,1.0
pointed up looks,1.0,0.0,0.0,0.0,0.0,0.0,0.0,1.0
power,0.8260869565217391,0.0,0.0,0.0,0.0,0.0,0.17391304347826086,0.043478260869565216
powers,1.0,0.0,0.0,0.0,0.0,0.0,0.0,1.0
powers been,1.0,0.0,0.0,0.0,0.0,0.0,0.0,1.0
powers been off,1.0,0.0,0.0,0.0,0.0,0.0,0.0,1.0
power after,1.0,0.0,0.0,0.0,0.0,0.0,0.0,1.0
power after hurricane,1.0,0.0,0.0,0.0,0.0,0.0,0.0,1.0
power again,1.0,0.0,0.0,0.0,0.0,0.0,0.0,-1.0
power again thank,1.0,0.0,0.0,0.0,0.0,0.0,0.0,-1.0
power and,1.0,0.0,0.0,0.0,0.0,0.0,0.0,1.0
power and water,1.0,0.0,0.0,0.0,0.0,0.0,0.0,1.0
power at,1.0,0.0,0.0,0.0,0.0,0.0,0.0,1.0
power at woodville,1.0,0.0,0.0,0.0,0.0,0.0,0.0,1.0
power battery,0.0,0.0,0.0,0.0,0.0,0.0,1.0,-1.0
power battery mode,0.0,0.0,0.0,0.0,0.0,0.0,1.0,-1.0
power cables,1.0,0.0,0.0,0.0,0.0,0.0,0.0,1.0
power cables caution,1.0,0.0,0.0,0.0,0.0,0.0,0.0,1.0
power do,1.0,0.0,0.0,0.0,0.0,0.0,0.0,-1.0
power do not,1.0,0.0,0.0,0.0,0.0,0.0,0.0,-1.0
power flickers,1.0,0.0,0.0,0.0,0.0,0.0,0.0,1.0
power flickers irma,1.0,0.0,0.0,0.0,0.0,0.0,0.0,1.0
power for,0.5,0.0,0.0,0.0,0.0,0.0,0.5,-1.0
power for a,1.0,0.0,0.0,0.0,0.0,0.0,0.0,-1.0
power for granted,0.0,0.0,0.0,0.0,0.0,0.0,1.0,-1.0
power go,1.0,0.0,0.0,0.0,0.0,0.0,0.0,1.0
power go out,1.0,0.0,0.0,0.0,0.0,0.0,0.0,1.0
power has,1.0,0.0,0.0,0.0,0.0,0.0,0.0,1.0
power has yet,1.0,0.0,0.0,0.0,0.0,0.0,0.0,1.0
power httpstcoxesfgksrqq,0.0,0.0,0.0,0.0,0.0,0.0,1.0,-1.0
power in,1.0,0.0,0.0,0.0,0.0,0.0,0.0,1.0
power in my,1.0,0.0,0.0,0.0,0.0,0.0,0.0,1.0
power is,1.0,0.0,0.0,0.0,0.0,0.0,0.0,-1.0
power is back,1.0,0.0,0.0,0.0,0.0,0.0,0.0,-1.0
power right,1.0,0.0,0.0,0.0,0.0,0.0,0.0,1.0
power right now,1.0,0.0,0.0,0.0,0.0,0.0,0.0,1.0
power since,1.0,0.0,0.0,0.0,0.0,0.0,0.0,1.0
power since sunday,1.0,0.0,0.0,0.0,0.0,0.0,0.0,1.0
power to,1.0,0.0,0.0,0.0,0.0,0.0,0.0,-1.0
power to watch,1.0,0.0,0.0,0.0,0.0,0.0,0.0,-1.0
power was,1.0,0.0,0.0,0.0,0.0,0.0,0.0,-1.0
power was back,1.0,0.0,0.0,0.0,0.0,0.0,0.0,-1.0
power when,0.0,0.0,0.0,0.0,0.0,0.0,1.0,-1.0
power when you,0.0,0.0,0.0,0.0,0.0,0.0,1.0,-1.0
pray,1.0,0.0,0.0,0.0,0.0,0.0,0.0,-1.0
praying,1.0,0.0,0.0,0.0,0.0,0.0,0.0,-1.0
praying i,1.0,0.0,0.0,0.0,0.0,0.0,0.0,-1.0
praying i have,1.0,0.0,0.0,0.0,0.0,0.0,0.0,-1.0
pray my,1.0,0.0,0.0,0.0,0.0,0.0,0.0,-1.0
pray my power,1.0,0.0,0.0,0.0,0.0,0.0,0.0,-1.0
prepared,1.0,0.0,0.0,0.0,0.0,0.0,0.0,-1.0
prepared yeah,1.0,0.0,0.0,0.0,0.0,0.0,0.0,-1.0
prepared yeah it,1.0,0.0,0.0,0.0,0.0,0.0,0.0,-1.0
probably,1.0,0.0,0.0,0.0,0.0,0.0,0.0,-1.0
probably lose,1.0,0.0,0.0,0.0,0.0,0.0,0.0,-1.0
probably lose power,1.0,0.0,0.0,0.0,0.0,0.0,0.0,-1.0
problem,1.0,0.0,0.0,0.0,0.0,0.0,0.0,1.0
problem three,1.0,0.0,0.0,0.0,0.0,0.0,0.0,1.0
problem three flashlights,1.0,0.0,0.0,0.0,0.0,0.0,0.0,1.0
raff,1.0,0.0,0.0,0.0,0.0,0.0,0.0,1.0
raff httpstcobabeltevus,1.0,0.0,0.0,0.0,0.0,0.0,0.0,1.0
rather,0.0,0.0,0.0,0.0,0.0,0.0,1.0,-1.0
rather somebody,0.0,0.0,0.0,0.0,0.0,0.0,1.0,-1.0
rather somebody tell,0.0,0.0,0.0,0.0,0.0,0.0,1.0,-1.0
rd,1.0,0.0,0.0,0.0,0.0,0.0,0.0,1.0
rd east,1.0,0.0,0.0,0.0,0.0,0.0,0.0,1.0
rd east of,1.0,0.0,0.0,0.0,0.0,0.0,0.0,1.0
read,1.0,0.0,0.0,0.0,0.0,0.0,0.0,-1.0
read hurricane,1.0,0.0,0.0,0.0,0.0,0.0,0.0,-1.0
read hurricane httpstcopgmjtbxb,1.0,0.0,0.0,0.0,0.0,0.0,0.0,-1.0
real,0.0,0.0,0.0,1.0,0.0,0.0,0.0,1.0
realest,0.0,0.0,0.0,0.0,0.0,0.0,1.0,-1.0
realest ate,0.0,0.0,0.0,0.0,0.0,0.0,1.0,-1.0
realest ate httpstcobdvtezmp,0.0,0.0,0.0,0.0,0.0,0.0,1.0,-1.0
real httpstcorkcjybtmy,0.0,0.0,0.0,1.0,0.0,0.0,0.0,1.0
regular,1.0,0.0,0.0,0.0,0.0,0.0,0.0,1.0
regular basis,1.0,0.0,0.0,0.0,0.0,0.0,0.0,1.0
regular basis it,1.0,0.0,0.0,0.0,0.0,0.0,0.0,1.0
remember,0.0,1.0,0.0,0.0,0.0,0.0,0.0,1.0
remember out,0.0,1.0,0.0,0.0,0.0,0.0,0.0,1.0
remember out httpstcosysgbklnf,0.0,1.0,0.0,0.0,0.0,0.0,0.0,1.0
restored,1.0,0.0,0.0,0.0,0.0,0.0,0.0,1.0
restored but,1.0,0.0,0.0,0.0,0.0,0.0,0.0,1.0
restored but units,1.0,0.0,0.0,0.0,0.0,0.0,0.0,1.0
right,1.0,0.0,0.0,0.0,0.0,0.0,0.0,1.0
right now,1.0,0.0,0.0,0.0,0.0,0.0,0.0,1.0
right now everyone,1.0,0.0,0.0,0.0,0.0,0.0,0.0,1.0
road,0.0,0.0,0.0,0.0,0.0,0.0,1.0,-1.0
road murra,0.0,0.0,0.0,0.0,0.0,0.0,1.0,-1.0
road murra realest,0.0,0.0,0.0,0.0,0.0,0.0,1.0,-1.0
roots,1.0,0.0,0.0,0.0,0.0,0.0,0.0,1.0
roots all,1.0,0.0,0.0,0.0,0.0,0.0,0.0,1.0
roots all you,1.0,0.0,0.0,0.0,0.0,0.0,0.0,1.0
say,1.0,0.0,0.0,0.0,0.0,0.0,0.0,1.0
say so,1.0,0.0,0.0,0.0,0.0,0.0,0.0,1.0
say so myself,1.0,0.0,0.0,0.0,0.0,0.0,0.0,1.0
sb,0.0,0.0,0.0,0.0,1.0,0.0,0.0,1.0
sb traffic,0.0,0.0,0.0,0.0,1.0,0.0,0.0,1.0
sb traffic httpstcokjgfpvuu,0.0,0.0,0.0,0.0,1.0,0.0,0.0,1.0
school,0.0,0.0,0.0,0.0,0.0,1.0,0.0,-1.0
school closed,0.0,0.0,0.0,0.0,0.0,1.0,0.0,-1.0
school closed on,0.0,0.0,0.0,0.0,0.0,1.0,0.0,-1.0
see,0.0,0.0,0.0,0.0,0.0,0.0,1.0,-1.0
seen,0.0,0.0,0.0,0.0,1.0,0.0,0.0,1.0
seen about,0.0,0.0,0.0,0.0,1.0,0.0,0.0,1.0
seen about examples,0.0,0.0,0.0,0.0,1.0,0.0,0.0,1.0
see a,0.0,0.0,0.0,0.0,0.0,0.0,1.0,-1.0
see a virtual,0.0,0.0,0.0,0.0,0.0,0.0,1.0,-1.0
shambles,0.0,0.0,0.0,0.0,0.0,0.0,1.0,-1.0
shit,1.0,0.0,0.0,0.0,0.0,0.0,0.0,-1.0
shit been,1.0,0.0,0.0,0.0,0.0,0.0,0.0,-1.0
shit been back,1.0,0.0,0.0,0.0,0.0,0.0,0.0,-1.0
shot,0.0,0.0,0.0,0.0,0.0,1.0,0.0,-1.0
shot drinking,0.0,0.0,0.0,0.0,0.0,1.0,0.0,-1.0
shot drinking a,0.0,0.0,0.0,0.0,0.0,1.0,0.0,-1.0
should,1.0,0.0,0.0,0.0,0.0,0.0,0.0,-1.0
should do,1.0,0.0,0.0,0.0,0.0,0.0,0.0,-1.0
should do my,1.0,0.0,0.0,0.0,0.0,0.0,0.0,-1.0
shower,1.0,0.0,0.0,0.0,0.0,0.0,0.0,1.0
shower and,1.0,0.0,0.0,0.0,0.0,0.0,0.0,1.0
shower and home,1.0,0.0,0.0,0.0,0.0,0.0,0.0,1.0
shutting,0.0,0.0,0.0,0.0,0.0,0.0,1.0,-1.0
shutting down,0.0,0.0,0.0,0.0,0.0,0.0,1.0,-1.0
since,1.0,0.0,0.0,0.0,0.0,0.0,0.0,0.0
since am,1.0,0.0,0.0,0.0,0.0,0.0,0.0,1.0
since am yesterday,1.0,0.0,0.0,0.0,0.0,0.0,0.0,1.0
since sunday,1.0,0.0,0.0,0.0,0.0,0.0,0.0,1.0
since sunday i,1.0,0.0,0.0,0.0,0.0,0.0,0.0,1.0
since we,1.0,0.0,0.0,0.0,0.0,0.0,0.0,-1.0
since we might,1.0,0.0,0.0,0.0,0.0,0.0,0.0,-1.0
since yesterday,1.0,0.0,0.0,0.0,0.0,0.0,0.0,-1.0
since yesterday dats,1.0,0.0,0.0,0.0,0.0,0.0,0.0,-1.0
so,0.75,0.0,0.0,0.25,0.0,0.0,0.0,0.0
soft,1.0,0.0,0.0,0.0,0.0,0.0,0.0,1.0
soft af,1.0,0.0,0.0,0.0,0.0,0.0,0.0,1.0
somebody,0.0,0.0,0.0,0.0,0.0,0.0,1.0,-1.0
somebody tell,0.0,0.0,0.0,0.0,0.0,0.0,1.0,-1.0
somebody tell me,0.0,0.0,0.0,0.0,0.0,0.0,1.0,-1.0
southern,1.0,0.0,0.0,0.0,0.0,0.0,0.0,1.0
southern roots,1.0,0.0,0.0,0.0,0.0,0.0,0.0,1.0
southern roots all,1.0,0.0,0.0,0.0,0.0,0.0,0.0,1.0
so drainage,0.0,0.0,0.0,1.0,0.0,0.0,0.0,1.0
so drainage is,0.0,0.0,0.0,1.0,0.0,0.0,0.0,1.0
so far,1.0,0.0,0.0,0.0,0.0,0.0,0.0,-1.0
so far everything,1.0,0.0,0.0,0.0,0.0,0.0,0.0,-1.0
so i,1.0,0.0,0.0,0.0,0.0,0.0,0.0,-1.0
so i will,1.0,0.0,0.0,0.0,0.0,0.0,0.0,-1.0
so myself,1.0,0.0,0.0,0.0,0.0,0.0,0.0,1.0
so myself httpstcoweltzxamrc,1.0,0.0,0.0,0.0,0.0,0.0,0.0,1.0
spend,1.0,0.0,0.0,0.0,0.0,0.0,0.0,1.0
spend another,1.0,0.0,0.0,0.0,0.0,0.0,0.0,1.0
spend another cloudy,1.0,0.0,0.0,0.0,0.0,0.0,0.0,1.0
start,1.0,0.0,0.0,0.0,0.0,0.0,0.0,-1.0
start hitting,1.0,0.0,0.0,0.0,0.0,0.0,0.0,-1.0
start hitting my,1.0,0.0,0.0,0.0,0.0,0.0,0.0,-1.0
stay,0.0,0.0,0.0,0.0,0.0,1.0,0.0,-1.0
staying,1.0,0.0,0.0,0.0,0.0,0.0,0.0,-1.0
staying indoors,1.0,0.0,0.0,0.0,0.0,0.0,0.0,-1.0
staying indoors on,1.0,0.0,0.0,0.0,0.0,0.0,0.0,-1.0
stay inside,0.0,0.0,0.0,0.0,0.0,1.0,0.0,-1.0
stay inside while,0.0,0.0,0.0,0.0,0.0,1.0,0.0,-1.0
still,0.0,1.0,0.0,0.0,0.0,0.0,0.0,1.0
still having,0.0,1.0,0.0,0.0,0.0,0.0,0.0,1.0
still having internet,0.0,1.0,0.0,0.0,0.0,0.0,0.0,1.0
stop,0.0,0.0,0.0,0.0,0.0,0.0,1.0,-1.0
stop drinking,0.0,0.0,0.0,0.0,0.0,0.0,1.0,-1.0
stop drinking before,0.0,0.0,0.0,0.0,0.0,0.0,1.0,-1.0
store,0.0,0.0,1.0,0.0,0.0,0.0,0.0,-1.0
store this,0.0,0.0,1.0,0.0,0.0,0.0,0.0,-1.0
store this morning,0.0,0.0,1.0,0.0,0.0,0.0,0.0,-1.0
storm,0.0,1.0,0.0,0.0,0.0,0.0,0.0,1.0
storms,1.0,0.0,0.0,0.0,0.0,0.0,0.0,1.0
storms mess,1.0,0.0,0.0,0.0,0.0,0.0,0.0,1.0
storms mess up,1.0,0.0,0.0,0.0,0.0,0.0,0.0,1.0
storm just,0.0,1.0,0.0,0.0,0.0,0.0,0.0,1.0
storm just remember,0.0,1.0,0.0,0.0,0.0,0.0,0.0,1.0
street,1.0,0.0,0.0,0.0,0.0,0.0,0.0,1.0
street came,1.0,0.0,0.0,0.0,0.0,0.0,0.0,1.0
street came back,1.0,0.0,0.0,0.0,0.0,0.0,0.0,1.0
struggled,0.0,0.0,0.0,0.0,0.0,0.0,1.0,-1.0
struggled in,0.0,0.0,0.0,0.0,0.0,0.0,1.0,-1.0
struggled in every,0.0,0.0,0.0,0.0,0.0,0.0,1.0,-1.0
sun,0.0,0.0,0.0,0.0,0.0,0.0,1.0,-1.0
sunday,1.0,0.0,0.0,0.0,0.0,0.0,0.0,1.0
sunday i,1.0,0.0,0.0,0.0,0.0,0.0,0.0,1.0
sunday i am,1.0,0.0,0.0,0.0,0.0,0.0,0.0,1.0
sunshines,0.0,0.0,0.0,0.0,1.0,0.0,0.0,1.0
sunshines ay,0.0,0.0,0.0,0.0,1.0,0.0,0.0,1.0
sunshines ay bridge,0.0,0.0,0.0,0.0,1.0,0.0,0.0,1.0
sun visor,0.0,0.0,0.0,0.0,0.0,0.0,1.0,-1.0
sun visor in,0.0,0.0,0.0,0.0,0.0,0.0,1.0,-1.0
super,0.0,0.0,0.0,0.0,0.0,0.0,1.0,-1.0
super bad,0.0,0.0,0.0,0.0,0.0,0.0,1.0,-1.0
super bad by,0.0,0.0,0.0,0.0,0.0,0.0,1.0,-1.0
supply,0.5,0.0,0.5,0.0,0.0,0.0,0.0,0.0
supply of,0.0,0.0,1.0,0.0,0.0,0.0,0.0,-1.0
supply of bottled,0.0,0.0,1.0,0.0,0.0,0.0,0.0,-1.0
taking,0.0,0.0,0.0,0.0,0.0,0.0,1.0,-1.0
taking this,0.0,0.0,0.0,0.0,0.0,0.0,1.0,-1.0
taking this power,0.0,0.0,0.0,0.0,0.0,0.0,1.0,-1.0
talk,1.0,0.0,0.0,0.0,0.0,0.0,0.0,-1.0
talk to,1.0,0.0,0.0,0.0,0.0,0.0,0.0,-1.0
talk to you,1.0,0.0,0.0,0.0,0.0,0.0,0.0,-1.0
tampa,0.0,0.0,0.0,1.0,0.0,0.0,0.0,1.0
tampa is,0.0,0.0,0.0,1.0,0.0,0.0,0.0,1.0
tampa is in,0.0,0.0,0.0,1.0,0.0,0.0,0.0,1.0
task,0.0,0.0,0.0,0.0,0.0,0.0,1.0,-1.0
task bar,0.0,0.0,0.0,0.0,0.0,0.0,1.0,-1.0
tell,0.0,0.0,0.0,0.0,0.0,0.5,0.5,-1.0
tell me,0.0,0.0,0.0,0.0,0.0,0.0,1.0,-1.0
tell me they,0.0,0.0,0.0,0.0,0.0,0.0,1.0,-1.0
tell you,0.0,0.0,0.0,0.0,0.0,1.0,0.0,-1.0
tell you to,0.0,0.0,0.0,0.0,0.0,1.0,0.0,-1.0
terms,1.0,0.0,0.0,0.0,0.0,0.0,0.0,-1.0
terrifying,1.0,0.0,0.0,0.0,0.0,0.0,0.0,-1.0
terrifying af,1.0,0.0,0.0,0.0,0.0,0.0,0.0,-1.0
terrifying af i,1.0,0.0,0.0,0.0,0.0,0.0,0.0,-1.0
than,0.0,0.0,0.0,0.0,0.0,0.0,1.0,-1.0
thank,1.0,0.0,0.0,0.0,0.0,0.0,0.0,-1.0
thanks,0.0,0.0,0.0,0.0,0.0,0.0,1.0,-1.0
thanks for,0.0,0.0,0.0,0.0,0.0,0.0,1.0,-1.0
thanks for another,0.0,0.0,0.0,0.0,0.0,0.0,1.0,-1.0
thank you,1.0,0.0,0.0,0.0,0.0,0.0,0.0,-1.0
thank you jesus,1.0,0.0,0.0,0.0,0.0,0.0,0.0,-1.0
than being,0.0,0.0,0.0,0.0,0.0,0.0,1.0,-1.0
than being led,0.0,0.0,0.0,0.0,0.0,0.0,1.0,-1.0
that,0.5,0.0,0.0,0.0,0.0,0.0,0.5,0.0
that bad,0.0,0.0,0.0,0.0,0.0,0.0,1.0,-1.0
that bad boy,0.0,0.0,0.0,0.0,0.0,0.0,1.0,-1.0
that cat,1.0,0.0,0.0,0.0,0.0,0.0,0.0,1.0
that cat storms,1.0,0.0,0.0,0.0,0.0,0.0,0.0,1.0
the,0.3888888888888889,0.0,0.2222222222222222,0.0,0.0,0.0,0.3888888888888889,-0.4444444444444444
themselves,0.0,0.0,0.0,0.0,0.0,1.0,0.0,-1.0
themselves are,0.0,0.0,0.0,0.0,0.0,1.0,0.0,-1.0
themselves are outside,0.0,0.0,0.0,0.0,0.0,1.0,0.0,-1.0
thesamiiryan,1.0,0.0,0.0,0.0,0.0,0.0,0.0,-1.0
thesamiiryan so,1.0,0.0,0.0,0.0,0.0,0.0,0.0,-1.0
thesamiiryan so far,1.0,0.0,0.0,0.0,0.0,0.0,0.0,-1.0
they,0.16666666666666666,0.0,0.0,0.16666666666666666,0.0,0.3333333333333333,0.3333333333333333,-0.3333333333333333
they are,0.0,0.0,0.0,0.0,0.0,0.0,1.0,-1.0
they are not,0.0,0.0,0.0,0.0,0.0,0.0,1.0,-1.0
they come,0.0,0.0,0.0,1.0,0.0,0.0,0.0,1.0
they come here,0.0,0.0,0.0,1.0,0.0,0.0,0.0,1.0
they have,0.0,0.0,0.0,0.0,0.0,0.0,1.0,-1.0
they have played,0.0,0.0,0.0,0.0,0.0,0.0,1.0,-1.0
they power,1.0,0.0,0.0,0.0,0.0,0.0,0.0,1.0
they power go,1.0,0.0,0.0,0.0,0.0,0.0,0.0,1.0
they tell,0.0,0.0,0.0,0.0,0.0,1.0,0.0,-1.0
they tell you,0.0,0.0,0.0,0.0,0.0,1.0,0.0,-1.0
they themselves,0.0,0.0,0.0,0.0,0.0,1.0,0.0,-1.0
they themselves are,0.0,0.0,0.0,0.0,0.0,1.0,0.0,-1.0
the block,1.0,0.0,0.0,0.0,0.0,0.0,0.0,1.0
the block next,1.0,0.0,0.0,0.0,0.0,0.0,0.0,1.0
the chills,0.0,0.0,0.0,0.0,0.0,0.0,1.0,-1.0
the chills through,0.0,0.0,0.0,0.0,0.0,0.0,1.0,-1.0
the crying,0.0,0.0,0.0,0.0,0.0,0.0,1.0,-1.0
the crying boy,0.0,0.0,0.0,0.0,0.0,0.0,1.0,-1.0
the game,0.0,0.0,0.0,0.0,0.0,0.0,1.0,-1.0
the game i,0.0,0.0,0.0,0.0,0.0,0.0,1.0,-1.0
the hurricane,1.0,0.0,0.0,0.0,0.0,0.0,0.0,-1.0
the hurricane is,1.0,0.0,0.0,0.0,0.0,0.0,0.0,-1.0
the ice,0.0,0.0,1.0,0.0,0.0,0.0,0.0,-1.0
the ice meltsdrainsno,0.0,0.0,1.0,0.0,0.0,0.0,0.0,-1.0
the last,0.0,0.0,1.0,0.0,0.0,0.0,0.0,1.0
the last bottle,0.0,0.0,1.0,0.0,0.0,0.0,0.0,1.0
the low,0.0,0.0,0.0,0.0,0.0,0.0,1.0,-1.0
the low power,0.0,0.0,0.0,0.0,0.0,0.0,1.0,-1.0
the main,0.0,0.0,0.0,0.0,0.0,0.0,1.0,-1.0
the main task,0.0,0.0,0.0,0.0,0.0,0.0,1.0,-1.0
the millenia,0.0,0.0,1.0,0.0,0.0,0.0,0.0,-1.0
the millenia bjswholesale,0.0,0.0,1.0,0.0,0.0,0.0,0.0,-1.0
the nfl,1.0,0.0,0.0,0.0,0.0,0.0,0.0,-1.0
the nfl game,1.0,0.0,0.0,0.0,0.0,0.0,0.0,-1.0
the only,1.0,0.0,0.0,0.0,0.0,0.0,0.0,1.0
the only people,1.0,0.0,0.0,0.0,0.0,0.0,0.0,1.0
the store,0.0,0.0,1.0,0.0,0.0,0.0,0.0,-1.0
the store this,0.0,0.0,1.0,0.0,0.0,0.0,0.0,-1.0
the street,1.0,0.0,0.0,0.0,0.0,0.0,0.0,1.0
the street came,1.0,0.0,0.0,0.0,0.0,0.0,0.0,1.0
the sun,0.0,0.0,0.0,0.0,0.0,0.0,1.0,-1.0
the sun visor,0.0,0.0,0.0,0.0,0.0,0.0,1.0,-1.0
the tv,0.0,0.0,0.0,0.0,0.0,0.0,1.0,-1.0
the tv the,0.0,0.0,0.0,0.0,0.0,0.0,1.0,-1.0
the week,1.0,0.0,0.0,0.0,0.0,0.0,0.0,-1.0
the week now,1.0,0.0,0.0,0.0,0.0,0.0,0.0,-1.0
this,0.16666666666666666,0.0,0.16666666666666666,0.0,0.3333333333333333,0.16666666666666666,0.16666666666666666,-0.3333333333333333
this is,1.0,0.0,0.0,0.0,0.0,0.0,0.0,-1.0
this is your,1.0,0.0,0.0,0.0,0.0,0.0,0.0,-1.0
this morning,0.0,0.0,0.5,0.0,0.5,0.0,0.0,0.0
this morning httpstcoxxafovqd,0.0,0.0,1.0,0.0,0.0,0.0,0.0,-1.0
this morning it,0.0,0.0,0.0,0.0,1.0,0.0,0.0,1.0
this on,0.0,0.0,0.0,0.0,1.0,0.0,0.0,1.0
this on highway,0.0,0.0,0.0,0.0,1.0,0.0,0.0,1.0
this power,0.0,0.0,0.0,0.0,0.0,0.0,1.0,-1.0
this power for,0.0,0.0,0.0,0.0,0.0,0.0,1.0,-1.0
this weekend,0.0,0.0,0.0,0.0,0.0,1.0,0.0,-1.0
this weekend i,0.0,0.0,0.0,0.0,0.0,1.0,0.0,-1.0
thought,1.0,0.0,0.0,0.0,0.0,0.0,0.0,-1.0
thought everybody,1.0,0.0,0.0,0.0,0.0,0.0,0.0,-1.0
thought everybody power,1.0,0.0,0.0,0.0,0.0,0.0,0.0,-1.0
three,1.0,0.0,0.0,0.0,0.0,0.0,0.0,1.0
three flashlights,1.0,0.0,0.0,0.0,0.0,0.0,0.0,1.0
three flashlights pointed,1.0,0.0,0.0,0.0,0.0,0.0,0.0,1.0
through,0.0,0.0,0.0,0.0,0.0,0.0,1.0,-1.0
through the,0.0,0.0,0.0,0.0,0.0,0.0,1.0,-1.0
through the tv,0.0,0.0,0.0,0.0,0.0,0.0,1.0,-1.0
till,0.0,0.0,0.0,0.0,0.0,0.0,1.0,-1.0
till morning,0.0,0.0,0.0,0.0,0.0,0.0,1.0,-1.0
till morning before,0.0,0.0,0.0,0.0,0.0,0.0,1.0,-1.0
time,0.0,0.0,0.0,0.0,0.0,0.3333333333333333,0.6666666666666666,-1.0
time or,0.0,0.0,0.0,0.0,0.0,0.0,1.0,-1.0
time they,0.0,0.0,0.0,0.0,0.0,1.0,0.0,-1.0
time they tell,0.0,0.0,0.0,0.0,0.0,1.0,0.0,-1.0
tip,0.0,0.0,1.0,0.0,0.0,0.0,0.0,-1.0
tip the,0.0,0.0,1.0,0.0,0.0,0.0,0.0,-1.0
tip the ice,0.0,0.0,1.0,0.0,0.0,0.0,0.0,-1.0
to,0.6363636363636364,0.09090909090909091,0.0,0.0,0.0,0.09090909090909091,0.18181818181818182,-0.09090909090909091
today,1.0,0.0,0.0,0.0,0.0,0.0,0.0,1.0
today powers,1.0,0.0,0.0,0.0,0.0,0.0,0.0,1.0
today powers been,1.0,0.0,0.0,0.0,0.0,0.0,0.0,1.0
toll,0.0,0.0,0.0,0.0,1.0,0.0,0.0,1.0
toll plz,0.0,0.0,0.0,0.0,1.0,0.0,0.0,1.0
toll plz nb,0.0,0.0,0.0,0.0,1.0,0.0,0.0,1.0
toll plz sb,0.0,0.0,0.0,0.0,1.0,0.0,0.0,1.0
tomorrow,1.0,0.0,0.0,0.0,0.0,0.0,0.0,-1.0
tomorrow night,1.0,0.0,0.0,0.0,0.0,0.0,0.0,-1.0
too,0.0,0.0,0.0,0.0,0.0,1.0,0.0,-1.0
too damn,0.0,0.0,0.0,0.0,0.0,1.0,0.0,-1.0
too damn lol,0.0,0.0,0.0,0.0,0.0,1.0,0.0,-1.0
tour,0.0,0.0,0.0,0.0,0.0,0.0,1.0,-1.0
tour of,0.0,0.0,0.0,0.0,0.0,0.0,1.0,-1.0
tour of our,0.0,0.0,0.0,0.0,0.0,0.0,1.0,-1.0
to be,1.0,0.0,0.0,0.0,0.0,0.0,0.0,1.0
to being,1.0,0.0,0.0,0.0,0.0,0.0,0.0,-1.0
to being lazy,1.0,0.0,0.0,0.0,0.0,0.0,0.0,-1.0
to be fully,1.0,0.0,0.0,0.0,0.0,0.0,0.0,1.0
to fast,1.0,0.0,0.0,0.0,0.0,0.0,0.0,1.0
to me,1.0,0.0,0.0,0.0,0.0,0.0,0.0,1.0
to me has,1.0,0.0,0.0,0.0,0.0,0.0,0.0,1.0
to my,0.0,0.0,0.0,0.0,0.0,0.0,1.0,-1.0
to my power,0.0,0.0,0.0,0.0,0.0,0.0,1.0,-1.0
to spend,1.0,0.0,0.0,0.0,0.0,0.0,0.0,1.0
to spend another,1.0,0.0,0.0,0.0,0.0,0.0,0.0,1.0
to stay,0.0,0.0,0.0,0.0,0.0,1.0,0.0,-1.0
to stay inside,0.0,0.0,0.0,0.0,0.0,1.0,0.0,-1.0
to stop,0.0,0.0,0.0,0.0,0.0,0.0,1.0,-1.0
to stop drinking,0.0,0.0,0.0,0.0,0.0,0.0,1.0,-1.0
to storm,0.0,1.0,0.0,0.0,0.0,0.0,0.0,1.0
to storm just,0.0,1.0,0.0,0.0,0.0,0.0,0.0,1.0
to watch,1.0,0.0,0.0,0.0,0.0,0.0,0.0,-1.0
to watch the,1.0,0.0,0.0,0.0,0.0,0.0,0.0,-1.0
to you,1.0,0.0,0.0,0.0,0.0,0.0,0.0,-1.0
to you guys,1.0,0.0,0.0,0.0,0.0,0.0,0.0,-1.0
traffic,0.0,0.0,0.0,0.0,1.0,0.0,0.0,1.0
traffic httpstcokjgfpvuu,0.0,0.0,0.0,0.0,1.0,0.0,0.0,1.0
traffic httpstcowkkpxcgfq,0.0,0.0,0.0,0.0,1.0,0.0,0.0,1.0
tried,0.0,0.0,0.0,0.0,0.0,0.0,1.0,-1.0
tuesday,0.0,0.0,0.0,0.0,0.0,1.0,0.0,-1.0
tuesday too,0.0,0.0,0.0,0.0,0.0,1.0,0.0,-1.0
tuesday too damn,0.0,0.0,0.0,0.0,0.0,1.0,0.0,-1.0
tv,0.0,0.0,0.0,0.0,0.0,0.0,1.0,-1.0
tv the,0.0,0.0,0.0,0.0,0.0,0.0,1.0,-1.0
tv the crying,0.0,0.0,0.0,0.0,0.0,0.0,1.0,-1.0
two,1.0,0.0,0.0,0.0,0.0,0.0,0.0,1.0
two more,1.0,0.0,0.0,0.0,0.0,0.0,0.0,1.0
two more power,1.0,0.0,0.0,0.0,0.0,0.0,0.0,1.0
u,0.5,0.0,0.0,0.0,0.0,0.0,0.5,0.0
united,0.0,0.0,0.0,0.0,0.0,0.0,1.0,-1.0
united minute,0.0,0.0,0.0,0.0,0.0,0.0,1.0,-1.0
united minute delay,0.0,0.0,0.0,0.0,0.0,0.0,1.0,-1.0
units,1.0,0.0,0.0,0.0,0.0,0.0,0.0,1.0
units across,1.0,0.0,0.0,0.0,0.0,0.0,0.0,1.0
units across the,1.0,0.0,0.0,0.0,0.0,0.0,0.0,1.0
unnecessary,0.0,0.0,0.0,0.0,1.0,0.0,0.0,1.0
unnecessary traffic,0.0,0.0,0.0,0.0,1.0,0.0,0.0,1.0
unnecessary traffic httpstcowkkpxcgfq,0.0,0.0,0.0,0.0,1.0,0.0,0.0,1.0
until,0.0,0.0,0.0,0.0,0.0,0.0,1.0,-1.0
until wednesday,0.0,0.0,0.0,0.0,0.0,0.0,1.0,-1.0
until wednesday it,0.0,0.0,0.0,0.0,0.0,0.0,1.0,-1.0
up,1.0,0.0,0.0,0.0,0.0,0.0,0.0,1.0
up everything,1.0,0.0,0.0,0.0,0.0,0.0,0.0,1.0
up everything including,1.0,0.0,0.0,0.0,0.0,0.0,0.0,1.0
up looks,1.0,0.0,0.0,0.0,0.0,0.0,0.0,1.0
up looks kind,1.0,0.0,0.0,0.0,0.0,0.0,0.0,1.0
ur,0.0,0.0,0.0,0.0,0.0,0.0,1.0,-1.0
ur not,0.0,0.0,0.0,0.0,0.0,0.0,1.0,-1.0
ur not gonna,0.0,0.0,0.0,0.0,0.0,0.0,1.0,-1.0
ur time,0.0,0.0,0.0,0.0,0.0,0.0,1.0,-1.0
ur time or,0.0,0.0,0.0,0.0,0.0,0.0,1.0,-1.0
u are,1.0,0.0,0.0,0.0,0.0,0.0,0.0,1.0
u are my,1.0,0.0,0.0,0.0,0.0,0.0,0.0,1.0
u know,0.0,0.0,0.0,0.0,0.0,0.0,1.0,-1.0
u know an,0.0,0.0,0.0,0.0,0.0,0.0,1.0,-1.0
virtual,0.0,0.0,0.0,0.0,0.0,0.0,1.0,-1.0
virtual tour,0.0,0.0,0.0,0.0,0.0,0.0,1.0,-1.0
virtual tour of,0.0,0.0,0.0,0.0,0.0,0.0,1.0,-1.0
visor,0.0,0.0,0.0,0.0,0.0,0.0,1.0,-1.0
visor in,0.0,0.0,0.0,0.0,0.0,0.0,1.0,-1.0
visor in my,0.0,0.0,0.0,0.0,0.0,0.0,1.0,-1.0
volt,0.0,0.0,0.0,0.0,0.0,0.0,1.0,-1.0
volt battery,0.0,0.0,0.0,0.0,0.0,0.0,1.0,-1.0
volt battery it,0.0,0.0,0.0,0.0,0.0,0.0,1.0,-1.0
w,1.0,0.0,0.0,0.0,0.0,0.0,0.0,1.0
wait,0.0,0.0,0.0,0.0,0.0,0.0,1.0,-1.0
wait till,0.0,0.0,0.0,0.0,0.0,0.0,1.0,-1.0
wait till morning,0.0,0.0,0.0,0.0,0.0,0.0,1.0,-1.0
was,0.5,0.0,0.0,0.0,0.0,0.0,0.5,-1.0
washer,0.0,0.0,1.0,0.0,0.0,0.0,0.0,-1.0
washer with,0.0,0.0,1.0,0.0,0.0,0.0,0.0,-1.0
washer with ice,0.0,0.0,1.0,0.0,0.0,0.0,0.0,-1.0
waste,0.0,0.0,0.0,0.0,0.0,0.0,1.0,-1.0
waste of,0.0,0.0,0.0,0.0,0.0,0.0,1.0,-1.0
waste of money,0.0,0.0,0.0,0.0,0.0,0.0,1.0,-1.0
waste of time,0.0,0.0,0.0,0.0,0.0,0.0,1.0,-1.0
waste ur,0.0,0.0,0.0,0.0,0.0,0.0,1.0,-1.0
waste ur time,0.0,0.0,0.0,0.0,0.0,0.0,1.0,-1.0
was back,1.0,0.0,0.0,0.0,0.0,0.0,0.0,-1.0
was back on,1.0,0.0,0.0,0.0,0.0,0.0,0.0,-1.0
was closed,0.0,0.0,0.0,0.0,0.0,0.0,1.0,-1.0
was closed yesterday,0.0,0.0,0.0,0.0,0.0,0.0,1.0,-1.0
watch,1.0,0.0,0.0,0.0,0.0,0.0,0.0,-1.0
watching,0.0,0.0,0.0,0.0,0.0,0.0,1.0,-1.0
watching ghostadventures,0.0,0.0,0.0,0.0,0.0,0.0,1.0,-1.0
watching ghostadventures artifacts,0.0,0.0,0.0,0.0,0.0,0.0,1.0,-1.0
watch the,1.0,0.0,0.0,0.0,0.0,0.0,0.0,-1.0
watch the nfl,1.0,0.0,0.0,0.0,0.0,0.0,0.0,-1.0
water,0.3333333333333333,0.0,0.6666666666666666,0.0,0.0,0.0,0.0,0.0
water around,0.0,0.0,1.0,0.0,0.0,0.0,0.0,-1.0
water around the,0.0,0.0,1.0,0.0,0.0,0.0,0.0,-1.0
water for,0.0,0.0,1.0,0.0,0.0,0.0,0.0,-1.0
water for hurricane,0.0,0.0,1.0,0.0,0.0,0.0,0.0,-1.0
water in,0.0,0.0,1.0,0.0,0.0,0.0,0.0,1.0
water in florida,0.0,0.0,1.0,0.0,0.0,0.0,0.0,1.0
water is,0.0,0.0,1.0,0.0,0.0,0.0,0.0,-1.0
water is a,0.0,0.0,1.0,0.0,0.0,0.0,0.0,-1.0
water on,1.0,0.0,0.0,0.0,0.0,0.0,0.0,1.0
water on a,1.0,0.0,0.0,0.0,0.0,0.0,0.0,1.0
water supply,1.0,0.0,0.0,0.0,0.0,0.0,0.0,1.0
wave,1.0,0.0,0.0,0.0,0.0,0.0,0.0,1.0
wave power,1.0,0.0,0.0,0.0,0.0,0.0,0.0,1.0
wave power at,1.0,0.0,0.0,0.0,0.0,0.0,0.0,1.0
we,0.5,0.0,0.0,0.16666666666666666,0.0,0.16666666666666666,0.16666666666666666,0.0
weather,0.0,0.0,0.0,0.0,0.0,0.0,1.0,-1.0
weather failed,0.0,0.0,0.0,0.0,0.0,0.0,1.0,-1.0
weather failed wifi,0.0,0.0,0.0,0.0,0.0,0.0,1.0,-1.0
wednesday,0.0,0.0,0.0,0.0,0.0,0.0,1.0,-1.0
wednesday it,0.0,0.0,0.0,0.0,0.0,0.0,1.0,-1.0
wednesday it is,0.0,0.0,0.0,0.0,0.0,0.0,1.0,-1.0
week,1.0,0.0,0.0,0.0,0.0,0.0,0.0,-1.0
weekend,0.0,0.0,0.0,0.0,0.0,1.0,0.0,-1.0
weekend i,0.0,0.0,0.0,0.0,0.0,1.0,0.0,-1.0
weekend i am,0.0,0.0,0.0,0.0,0.0,1.0,0.0,-1.0
week now,1.0,0.0,0.0,0.0,0.0,0.0,0.0,-1.0
week now since,1.0,0.0,0.0,0.0,0.0,0.0,0.0,-1.0
were,0.0,0.0,0.0,1.0,0.0,0.0,0.0,1.0
were built,0.0,0.0,0.0,1.0,0.0,0.0,0.0,1.0
were built on,0.0,0.0,0.0,1.0,0.0,0.0,0.0,1.0
we are,0.5,0.0,0.0,0.0,0.0,0.5,0.0,0.0
we are closed,0.0,0.0,0.0,0.0,0.0,1.0,0.0,-1.0
we are the,1.0,0.0,0.0,0.0,0.0,0.0,0.0,1.0
we get,0.0,0.0,0.0,0.0,0.0,0.0,1.0,-1.0
we get the,0.0,0.0,0.0,0.0,0.0,0.0,1.0,-1.0
we might,1.0,0.0,0.0,0.0,0.0,0.0,0.0,-1.0
we might lose,1.0,0.0,0.0,0.0,0.0,0.0,0.0,-1.0
we wave,1.0,0.0,0.0,0.0,0.0,0.0,0.0,1.0
we wave power,1.0,0.0,0.0,0.0,0.0,0.0,0.0,1.0
we were,0.0,0.0,0.0,1.0,0.0,0.0,0.0,1.0
we were built,0.0,0.0,0.0,1.0,0.0,0.0,0.0,1.0
what,0.0,0.0,0.0,0.0,0.0,0.0,1.0,-1.0
what a,0.0,0.0,0.0,0.0,0.0,0.0,1.0,-1.0
what a waste,0.0,0.0,0.0,0.0,0.0,0.0,1.0,-1.0
when,0.0,0.0,0.0,0.0,0.0,0.0,1.0,-1.0
when you,0.0,0.0,0.0,0.0,0.0,0.0,1.0,-1.0
when you get,0.0,0.0,0.0,0.0,0.0,0.0,1.0,-1.0
where,0.5,0.0,0.5,0.0,0.0,0.0,0.0,0.0
where can,0.0,0.0,1.0,0.0,0.0,0.0,0.0,-1.0
where can i,0.0,0.0,1.0,0.0,0.0,0.0,0.0,-1.0
where u,1.0,0.0,0.0,0.0,0.0,0.0,0.0,1.0
where u are,1.0,0.0,0.0,0.0,0.0,0.0,0.0,1.0
while,0.0,0.0,0.0,0.0,0.0,1.0,0.0,-1.0
while they,0.0,0.0,0.0,0.0,0.0,1.0,0.0,-1.0
while they themselves,0.0,0.0,0.0,0.0,0.0,1.0,0.0,-1.0
wifi,0.5,0.0,0.0,0.0,0.0,0.0,0.5,-1.0
wifi after,0.0,0.0,0.0,0.0,0.0,0.0,1.0,-1.0
wifi after paying,0.0,0.0,0.0,0.0,0.0,0.0,1.0,-1.0
wifi is,1.0,0.0,0.0,0.0,0.0,0.0,0.0,-1.0
wifi is working,1.0,0.0,0.0,0.0,0.0,0.0,0.0,-1.0
will,0.75,0.0,0.0,0.0,0.0,0.0,0.25,-0.5
will leave,0.0,0.0,0.0,0.0,0.0,0.0,1.0,-1.0
will leave your,0.0,0.0,0.0,0.0,0.0,0.0,1.0,-1.0
will probably,1.0,0.0,0.0,0.0,0.0,0.0,0.0,-1.0
will probably lose,1.0,0.0,0.0,0.0,0.0,0.0,0.0,-1.0
will talk,1.0,0.0,0.0,0.0,0.0,0.0,0.0,-1.0
will talk to,1.0,0.0,0.0,0.0,0.0,0.0,0.0,-1.0
will we,1.0,0.0,0.0,0.0,0.0,0.0,0.0,1.0
will we wave,1.0,0.0,0.0,0.0,0.0,0.0,0.0,1.0
wish,1.0,0.0,0.0,0.0,0.0,0.0,0.0,-1.0
wish i,1.0,0.0,0.0,0.0,0.0,0.0,0.0,-1.0
wish i could,1.0,0.0,0.0,0.0,0.0,0.0,0.0,-1.0
with,0.25,0.0,0.5,0.0,0.0,0.0,0.25,0.0
without,1.0,0.0,0.0,0.0,0.0,0.0,0.0,1.0
without power,1.0,0.0,0.0,0.0,0.0,0.0,0.0,1.0
without power in,1.0,0.0,0.0,0.0,0.0,0.0,0.0,1.0
with a,0.0,0.0,0.0,0.0,0.0,0.0,1.0,-1.0
with a car,0.0,0.0,0.0,0.0,0.0,0.0,1.0,-1.0
with ice,0.0,0.0,1.0,0.0,0.0,0.0,0.0,-1.0
with ice bottled,0.0,0.0,1.0,0.0,0.0,0.0,0.0,-1.0
with power,1.0,0.0,0.0,0.0,0.0,0.0,0.0,1.0
with power right,1.0,0.0,0.0,0.0,0.0,0.0,0.0,1.0
with the,0.0,0.0,1.0,0.0,0.0,0.0,0.0,1.0
with the last,0.0,0.0,1.0,0.0,0.0,0.0,0.0,1.0
wonder,1.0,0.0,0.0,0.0,0.0,0.0,0.0,-1.0
wonder if,1.0,0.0,0.0,0.0,0.0,0.0,0.0,-1.0
wonder if i,1.0,0.0,0.0,0.0,0.0,0.0,0.0,-1.0
woodville,1.0,0.0,0.0,0.0,0.0,0.0,0.0,1.0
woodville hwy,1.0,0.0,0.0,0.0,0.0,0.0,0.0,1.0
woodville hwy today,1.0,0.0,0.0,0.0,0.0,0.0,0.0,1.0
working,1.0,0.0,0.0,0.0,0.0,0.0,0.0,-1.0
working ac,1.0,0.0,0.0,0.0,0.0,0.0,0.0,-1.0
working ac on,1.0,0.0,0.0,0.0,0.0,0.0,0.0,-1.0
would,0.0,0.0,0.0,0.0,0.0,0.0,1.0,-1.0
would rather,0.0,0.0,0.0,0.0,0.0,0.0,1.0,-1.0
would rather somebody,0.0,0.0,0.0,0.0,0.0,0.0,1.0,-1.0
w paces,1.0,0.0,0.0,0.0,0.0,0.0,0.0,1.0
w paces ferry,1.0,0.0,0.0,0.0,0.0,0.0,0.0,1.0
yeah,1.0,0.0,0.0,0.0,0.0,0.0,0.0,-1.0
yeah it,1.0,0.0,0.0,0.0,0.0,0.0,0.0,-1.0
yeah it is,1.0,0.0,0.0,0.0,0.0,0.0,0.0,-1.0
yesterday,0.6666666666666666,0.0,0.0,0.0,0.0,0.0,0.3333333333333333,-0.3333333333333333
yesterday bitch,0.0,0.0,0.0,0.0,0.0,0.0,1.0,-1.0
yesterday bitch i,0.0,0.0,0.0,0.0,0.0,0.0,1.0,-1.0
yesterday dats,1.0,0.0,0.0,0.0,0.0,0.0,0.0,-1.0
yesterday dats crazy,1.0,0.0,0.0,0.0,0.0,0.0,0.0,-1.0
yet,1.0,0.0,0.0,0.0,0.0,0.0,0.0,1.0
yet to,1.0,0.0,0.0,0.0,0.0,0.0,0.0,1.0
yet to be,1.0,0.0,0.0,0.0,0.0,0.0,0.0,1.0
you,0.7142857142857143,0.0,0.0,0.0,0.0,0.14285714285714285,0.14285714285714285,-0.14285714285714285
your,0.25,0.0,0.25,0.0,0.0,0.0,0.5,-1.0
your first,1.0,0.0,0.0,0.0,0.0,0.0,0.0,-1.0
your first generator,1.0,0.0,0.0,0.0,0.0,0.0,0.0,-1.0
your phone,0.0,0.0,0.0,0.0,0.0,0.0,1.0,-1.0
your phone in,0.0,0.0,0.0,0.0,0.0,0.0,1.0,-1.0
your phone with,0.0,0.0,0.0,0.0,0.0,0.0,1.0,-1.0
your washer,0.0,0.0,1.0,0.0,0.0,0.0,0.0,-1.0
your washer with,0.0,0.0,1.0,0.0,0.0,0.0,0.0,-1.0
you can,1.0,0.0,0.0,0.0,0.0,0.0,0.0,1.0
you can do,1.0,0.0,0.0,0.0,0.0,0.0,0.0,1.0
you do,1.0,0.0,0.0,0.0,0.0,0.0,0.0,1.0
you do not,1.0,0.0,0.0,0.0,0.0,0.0,0.0,1.0
you get,0.0,0.0,0.0,0.0,0.0,0.0,1.0,-1.0
you get the,0.0,0.0,0.0,0.0,0.0,0.0,1.0,-1.0
you guys,1.0,0.0,0.0,0.0,0.0,0.0,0.0,-1.0
you jesus,1.0,0.0,0.0,0.0,0.0,0.0,0.0,-1.0
you soft,1.0,0.0,0.0,0.0,0.0,0.0,0.0,1.0
you soft af,1.0,0.0,0.0,0.0,0.0,0.0,0.0,1.0
you to,0.0,0.0,0.0,0.0,0.0,1.0,0.0,-1.0
you to stay,0.0,0.0,0.0,0.0,0.0,1.0,0.0,-1.0
zakbagans,0.0,0.0,0.0,0.0,0.0,0.0,1.0,-1.0
zone,0.0,0.0,0.0,1.0,0.0,0.0,0.0,1.0
zone but,0.0,0.0,0.0,1.0,0.0,0.0,0.0,1.0
zone but they,0.0,0.0,0.0,1.0,0.0,0.0,0.0,1.0
